Season,TeamID,Seed,WinRatio14,OffEff,DefEff,EFT,WinRatio
2024,1101,17.0,0.3333333333333333,101.18546885667473,105.01995222594154,0.4710681186646821,0.45161290322580644
2024,1102,17.0,0.0,108.73116877760766,119.93381595804983,0.5374713069619321,0.2903225806451613
2024,1103,14.0,0.6,110.85873982699005,102.55186327685675,0.520357963793449,0.6875
2024,1104,4.0,0.3333333333333333,124.22270861668693,110.19727634013498,0.5659169461825753,0.65625
2024,1105,17.0,0.5,98.14636104354527,107.63570051263339,0.45775368220068136,0.3333333333333333
2024,1106,17.0,0.3333333333333333,94.30008800409918,100.97312162324008,0.4115947197770887,0.3448275862068966
2024,1107,17.0,0.0,107.14359921541299,108.83222663394548,0.50423851211235,0.3870967741935484
2024,1108,17.0,0.75,108.11898571345749,116.3652111453708,0.4928076781910939,0.41935483870967744
2024,1110,17.0,0.0,110.33399303297067,110.81612899293914,0.5250425087600508,0.4838709677419355
2024,1111,17.0,0.5,113.80411362519371,100.16862745779446,0.5270913065719334,0.8064516129032258
2024,1112,2.0,0.5,120.47483147441216,99.18811870068944,0.5509501502451147,0.7575757575757576
2024,1113,17.0,0.0,99.96170371561473,107.41524101697233,0.4732739543051633,0.4375
2024,1114,17.0,0.5,114.06148054758458,105.73931649892474,0.5289409224946237,0.6363636363636364
2024,1115,17.0,0.0,106.70313893653858,117.44618821695511,0.5186956907117933,0.3333333333333333
2024,1116,17.0,0.5,109.60299684991192,112.85772547436275,0.5076131899170166,0.48484848484848486
2024,1117,17.0,0.6666666666666666,115.36106336185054,112.42772000170146,0.5213192157880222,0.5294117647058824
2024,1119,17.0,0.0,96.80789958454301,106.22612090341438,0.47600933094933884,0.26666666666666666
2024,1120,4.0,1.0,120.21512515608919,98.01613632037865,0.540819831621549,0.7941176470588235
2024,1122,17.0,0.6666666666666666,113.29735111548648,115.18958043246113,0.5075724765740947,0.5161290322580645
2024,1123,17.0,0.5,108.35115671547561,109.51643205328165,0.5080622565121258,0.4482758620689655
2024,1124,3.0,0.5,119.86970928701277,106.57978182004354,0.5579379995346189,0.6875
2024,1125,17.0,0.6666666666666666,111.44525397688298,109.33977548685374,0.552124872207093,0.59375
2024,1126,17.0,0.5,101.09241091947185,105.48779690753703,0.4709450396290597,0.4838709677419355
2024,1127,17.0,0.5,103.62832577160609,109.4702369971843,0.49701768017005843,0.4642857142857143
2024,1129,17.0,0.3333333333333333,114.53246824737003,104.02687785495313,0.5190399146755228,0.6666666666666666
2024,1130,17.0,0.8,111.63422299781884,107.97916019057382,0.5283758537406319,0.5588235294117647
2024,1131,17.0,0.5,101.88249355840131,103.81687931724976,0.4786381998304231,0.46875
2024,1132,17.0,0.75,106.03475814122177,105.28293360380933,0.48238315151700883,0.5806451612903226
2024,1133,17.0,0.3333333333333333,114.69703587707531,103.80811779948665,0.5563378629869765,0.65625
2024,1135,17.0,0.6666666666666666,106.60613657254613,109.71257042797718,0.49961739815191525,0.4
2024,1136,17.0,0.6666666666666666,103.69244389932545,102.91157583463853,0.5082585782903163,0.5806451612903226
2024,1137,17.0,0.5,104.02292948478859,106.83640271994881,0.50856803405428,0.42424242424242425
2024,1138,17.0,0.0,97.53935655105782,115.1912582037178,0.4746088197246474,0.1
2024,1139,17.0,0.5,109.84943726992896,106.2750011508956,0.5175523157836329,0.5483870967741935
2024,1140,6.0,0.5,119.42209785680294,102.12700134622314,0.551392219929391,0.696969696969697
2024,1141,17.0,0.6666666666666666,100.20105904402519,106.75226767669855,0.4731014463331075,0.5483870967741935
2024,1142,17.0,0.0,95.49439388206297,112.77436005415747,0.45899097024138175,0.0967741935483871
2024,1143,17.0,0.0,106.96787138974466,110.77417936211764,0.4934877542443979,0.40625
2024,1144,17.0,0.0,105.19618327575527,112.83259453885731,0.5190709844374404,0.3793103448275862
2024,1145,17.0,0.4,104.21162196257735,109.17044230893973,0.4965913644406556,0.41935483870967744
2024,1146,17.0,0.0,101.77612346254618,116.25375909689862,0.47661005221807784,0.23333333333333334
2024,1148,17.0,0.5,107.4758769675229,104.12256938333115,0.5051845612729932,0.6206896551724138
2024,1149,17.0,0.0,97.56381820344451,113.28664513185578,0.458892779832252,0.25925925925925924
2024,1150,17.0,0.6666666666666666,110.0154390491285,107.4325794512612,0.5092638075743731,0.6
2024,1151,17.0,0.5,115.04197504715343,109.37989768787804,0.5488866770292694,0.6129032258064516
2024,1152,17.0,0.0,98.64937077840528,109.44367808559554,0.4600840996099669,0.3333333333333333
2024,1153,17.0,0.6,110.61968802092572,100.96874270981773,0.49938096582485575,0.5882352941176471
2024,1154,17.0,0.0,106.00202090508527,111.61239580696486,0.5060030603797246,0.27586206896551724
2024,1155,6.0,0.3333333333333333,116.8782478576609,107.76923155959273,0.5387227839125832,0.65625
2024,1156,17.0,0.6666666666666666,112.00138919789421,109.45166088793708,0.5014277900752265,0.5757575757575758
2024,1157,17.0,0.5,102.35486877915599,113.36180376486168,0.4976707005633948,0.2413793103448276
2024,1158,13.0,1.0,117.45996270500136,106.98633659423159,0.5242845127801955,0.7878787878787878
2024,1159,14.0,1.0,110.48441635554391,100.62293667925259,0.5354293846418681,0.7272727272727273
2024,1160,10.0,0.8333333333333334,116.54652437649766,104.59574352800712,0.5532214582364727,0.7058823529411765
2024,1161,10.0,0.75,115.15727771540952,105.77482976857038,0.5503484427034647,0.6875
2024,1162,17.0,0.0,109.30493436816027,111.23377389319639,0.5294062722711266,0.4166666666666667
2024,1163,1.0,1.0,126.46185085113542,100.61648760254752,0.5723689130680244,0.9117647058823529
2024,1164,17.0,0.0,87.72704456974364,110.2725616564461,0.4257271793913413,0.06896551724137931
2024,1165,17.0,0.5,115.48209835729091,107.64582356214498,0.5645835103731339,0.7407407407407407
2024,1166,3.0,0.5,120.4481564818741,103.96980997476231,0.5750899282323733,0.71875
2024,1167,17.0,0.0,103.58993562506144,108.78287549064777,0.4704059155948578,0.36666666666666664
2024,1168,17.0,0.0,101.91407582034341,107.3888203978168,0.48153814425675384,0.4
2024,1169,17.0,0.3333333333333333,102.71375766112911,103.52590376074822,0.49108320021290564,0.53125
2024,1170,17.0,0.5,101.46953451623826,112.90466582247805,0.48810030049097103,0.25
2024,1171,17.0,1.0,95.10231387478645,115.13820808776643,0.47676709689248453,0.16
2024,1172,17.0,0.0,106.02393937525163,105.35374582013807,0.48875794587058013,0.43333333333333335
2024,1173,7.0,0.6666666666666666,119.41286579201865,106.00270890031803,0.5644503945371475,0.7741935483870968
2024,1174,17.0,0.5,109.38354919153454,105.15803094564984,0.5207101533222449,0.5625
2024,1175,17.0,0.4,99.14349265842465,102.78734322562607,0.46224079184315076,0.41935483870967744
2024,1176,17.0,0.6666666666666666,111.97015186643924,115.84601172598656,0.5209385245256227,0.43333333333333335
2024,1177,17.0,0.0,97.76093944108194,123.03661696947356,0.4825047056401318,0.09375
2024,1178,17.0,0.0,99.64798056130371,120.94136145331981,0.4789259929814322,0.03125
2024,1179,10.0,1.0,118.35084555317363,103.82830951003169,0.5512088832057648,0.8181818181818182
2024,1180,17.0,0.0,111.5490542470888,103.81078279261507,0.5081297154281262,0.6129032258064516
2024,1181,4.0,0.3333333333333333,120.8374192327549,101.70322715996153,0.5537782010768824,0.75
2024,1182,11.0,1.0,107.17637278352582,102.05938450972332,0.5006262977982076,0.6764705882352942
2024,1183,17.0,0.0,98.72615863181319,106.65917606884088,0.4510199313910605,0.35714285714285715
2024,1184,17.0,0.0,111.94442683159936,112.68285350726167,0.5103828520067255,0.5
2024,1185,17.0,0.5,100.99579420184536,112.61202065956485,0.48056883397650413,0.3793103448275862
2024,1186,17.0,0.5,115.9676817935749,112.61507559083523,0.5738888816102498,0.6333333333333333
2024,1187,17.0,0.2,106.00537360787143,108.92592262371878,0.48074250285553755,0.4375
2024,1188,17.0,0.5,104.91030066088291,107.09556346111249,0.47202151809407494,0.4666666666666667
2024,1189,17.0,0.0,106.97407668087098,116.09832959859192,0.5063668586339168,0.36666666666666664
2024,1190,17.0,0.75,105.19730870762754,105.76920610152126,0.4705107624973861,0.5151515151515151
2024,1191,17.0,0.3333333333333333,103.41789461785089,109.81902822664962,0.5005996340825378,0.46875
2024,1192,17.0,0.0,102.77125495159713,109.6766773771131,0.46984952749818926,0.43333333333333335
2024,1193,17.0,0.8,112.69626713822056,104.79666625325261,0.5219775474228934,0.6470588235294118
2024,1194,8.0,0.75,119.37409921611066,105.68136628032897,0.5519939989422562,0.7575757575757576
2024,1195,17.0,0.0,109.39986162748485,112.93636069660828,0.5221208723430822,0.3793103448275862
2024,1196,7.0,0.6666666666666666,117.63449672091043,108.38347010927762,0.5179646270975259,0.6857142857142857
2024,1197,17.0,0.0,96.00918186563388,113.21293163416054,0.4763275950092931,0.18518518518518517
2024,1198,17.0,0.25,101.53382321705273,109.83936485505981,0.49852216647178704,0.3125
2024,1199,17.0,0.5,108.07763162902516,108.01387190189848,0.5053291893222274,0.5151515151515151
2024,1200,17.0,0.25,102.66362915367893,106.00732633832716,0.4665472966205694,0.3939393939393939
2024,1201,17.0,0.25,104.34216269015405,114.84459829097963,0.5199408700385014,0.34375
2024,1202,17.0,0.5,112.64256688517244,109.52582228285313,0.5211524294153612,0.5
2024,1203,17.0,0.3333333333333333,108.22953228795397,110.10162370095865,0.5180596101571445,0.45161290322580644
2024,1204,17.0,0.5,106.02287586935216,114.62639297039367,0.5107391806529541,0.2727272727272727
2024,1205,17.0,0.5,105.23296908787638,109.05351054467367,0.4964484459111661,0.4666666666666667
2024,1206,17.0,0.6666666666666666,111.90072961452147,104.56816864476275,0.5205143962707333,0.6129032258064516
2024,1207,17.0,0.0,106.93133089483453,118.25222002467201,0.48527570356344174,0.28125
2024,1208,17.0,0.5,107.34156818440533,106.66462878313563,0.49994562589764396,0.5151515151515151
2024,1209,17.0,0.0,107.59807951594897,110.57845310500748,0.48629078034349604,0.41379310344827586
2024,1210,17.0,0.3333333333333333,105.61152419856779,112.16876339986533,0.48944331830109367,0.4375
2024,1211,5.0,0.5,123.28304455446587,102.45519322739308,0.5661307686022543,0.7741935483870968
2024,1212,16.0,0.8333333333333334,101.15870467751706,106.68744237629544,0.48589699479860265,0.5483870967741935
2024,1213,12.0,1.0,115.55278222125938,98.12441226510079,0.5192101944391371,0.875
2024,1214,17.0,0.5,99.2435371451363,114.60149865353489,0.46774500146672526,0.2
2024,1217,17.0,0.0,105.65769878225878,109.28986986266725,0.5023154240447294,0.5
2024,1218,17.0,0.75,108.7262227939157,105.1694699641528,0.528583156018958,0.5625
2024,1219,17.0,0.5,121.12609243188484,110.03308862653464,0.5292635259962635,0.7419354838709677
2024,1220,17.0,0.5,113.08462401243843,106.42075929074196,0.5553312156917537,0.59375
2024,1221,17.0,0.5,103.08769400416867,116.99749933437826,0.5040118016422221,0.28125
2024,1222,1.0,0.8,116.43131572927348,91.0002688668073,0.4967654446516317,0.8823529411764706
2024,1223,17.0,0.0,96.09014620366798,117.3421656830525,0.46968765525075784,0.14814814814814814
2024,1224,16.0,0.8,110.0157110442043,110.76906022780204,0.5262018644034547,0.5
2024,1225,17.0,0.0,103.16805573280541,113.44994201557299,0.5039934384792673,0.3
2024,1226,17.0,0.5,108.98813651147105,112.22189292598598,0.5124248879850851,0.375
2024,1227,17.0,0.3333333333333333,102.1454875660537,106.35611664672717,0.5057913439580808,0.34375
2024,1228,3.0,0.8,121.95415063605054,106.66188761651416,0.5392505235318448,0.7647058823529411
2024,1229,17.0,0.0,104.41611304605452,107.3376643339461,0.47971349603538394,0.45161290322580644
2024,1230,17.0,0.0,101.13754545256626,113.37668018517923,0.4843636142796925,0.20689655172413793
2024,1231,17.0,0.8,107.81810155665988,110.67706205049784,0.5232267427838051,0.5757575757575758
2024,1232,17.0,0.75,121.4166214085244,104.2905598128745,0.600102690179968,0.8181818181818182
2024,1233,17.0,0.6,108.17459295103237,106.76710164798371,0.5006100763469035,0.48484848484848486
2024,1234,17.0,0.0,116.389538044537,111.51398315232473,0.5273912735395033,0.5625
2024,1235,2.0,0.8,112.79182053989518,91.81492202750313,0.5199912180886868,0.7941176470588235
2024,1236,17.0,0.5,112.58799561901925,103.84725883694122,0.539427376160966,0.6129032258064516
2024,1237,17.0,0.0,96.7244054961299,121.6533858197031,0.4671760198578773,0.10344827586206896
2024,1238,17.0,0.75,104.08915220665898,110.18034029249111,0.4704034587878957,0.46875
2024,1239,17.0,0.6666666666666666,106.32882443201427,112.94062410496348,0.49074076733905714,0.43333333333333335
2024,1240,17.0,0.0,103.73344824966726,104.17848019101828,0.4852858570476861,0.3793103448275862
2024,1241,12.0,1.0,118.3415563921285,98.9305940655625,0.5456969585228291,0.9090909090909091
2024,1242,4.0,0.3333333333333333,111.05785316147819,102.5961480030629,0.5362207073135489,0.6774193548387096
2024,1243,17.0,0.5,104.93910466599905,102.97407080829491,0.5003244726464869,0.5757575757575758
2024,1244,17.0,0.0,110.4656459049889,113.27217199780148,0.5182456597167538,0.42857142857142855
2024,1245,17.0,0.4,109.90166412985701,106.8868732496082,0.5089535444940404,0.46875
2024,1246,3.0,0.6666666666666666,122.297378736602,108.78473842167105,0.5746130793166623,0.71875
2024,1247,17.0,0.3333333333333333,106.056255907048,109.52930932383018,0.4943327404004736,0.46875
2024,1248,17.0,0.0,97.07169759773988,104.69947769684747,0.469280201630019,0.3225806451612903
2024,1249,17.0,0.75,110.5235714769418,106.46127346997717,0.5111113441048538,0.5483870967741935
2024,1250,17.0,0.6666666666666666,103.7516098441644,104.71767278354773,0.4981273848377678,0.4
2024,1251,17.0,0.3333333333333333,111.28540073020824,106.03202075286448,0.5448953607854908,0.5172413793103449
2024,1252,17.0,0.0,118.14730947185423,113.44740452542494,0.5651309258652971,0.6
2024,1253,15.0,0.6,108.42873226109215,107.34068026655349,0.4913266874365985,0.5757575757575758
2024,1254,17.0,0.0,95.24792209152089,109.72446475350264,0.46398015479841825,0.2413793103448276
2024,1255,16.0,1.0,110.64715025635766,104.45213594695616,0.49829033824607377,0.5806451612903226
2024,1256,17.0,0.3333333333333333,110.50483815820735,100.17113637976414,0.5073379544180029,0.6551724137931034
2024,1257,17.0,0.0,104.41350968533753,115.46084167553525,0.48291526539457297,0.25
2024,1258,17.0,0.0,111.80080317725107,113.07844739809018,0.5153165628662814,0.36666666666666664
2024,1259,17.0,0.0,97.15051772527904,111.23537456219474,0.47418086067795967,0.1935483870967742
2024,1260,17.0,0.6666666666666666,106.3331931375513,99.00608229231513,0.5210613865318917,0.7096774193548387
2024,1261,17.0,0.3333333333333333,110.29928255049465,107.78571554153325,0.5248724482930949,0.53125
2024,1262,17.0,0.5,108.86480157212296,102.19356513577976,0.5063596734078776,0.6551724137931034
2024,1263,17.0,0.5,100.19137419881314,102.42518188406451,0.4800565924357923,0.45161290322580644
2024,1264,17.0,0.25,97.1873879843427,112.27834060422963,0.4752260123670902,0.20689655172413793
2024,1265,17.0,0.4,103.03771300532564,98.60857563731679,0.508291137235877,0.5806451612903226
2024,1266,2.0,0.6,115.70957742731487,103.60245352307653,0.5515554711444075,0.7352941176470589
2024,1267,17.0,0.5,102.57177192713635,107.90522038420866,0.4710344350967077,0.375
2024,1268,17.0,0.25,104.86367064452553,100.53951533712952,0.46807534904858644,0.48484848484848486
2024,1269,17.0,0.5,113.49004204280136,103.92333534497072,0.5063320695824729,0.6451612903225806
2024,1270,12.0,1.0,122.12783627692622,99.89078836736168,0.5495277209961208,0.896551724137931
2024,1271,17.0,0.3333333333333333,93.37794106815869,110.33608514353617,0.43136648250673626,0.2
2024,1272,17.0,0.3333333333333333,113.57915954893451,106.88086155851781,0.528900859426792,0.6875
2024,1273,17.0,0.5,106.26046353982528,109.7030430603632,0.5039751799018348,0.4666666666666667
2024,1274,17.0,0.0,109.57516481567622,107.69808430429036,0.5268743340817641,0.46875
2024,1275,17.0,0.0,104.80158983396407,107.9668452629834,0.5118733605403352,0.43333333333333335
2024,1276,17.0,0.0,106.88903558075187,116.34556621752935,0.5115305106775914,0.25
2024,1277,9.0,0.5,112.27720403258002,101.7278185401967,0.5177303211560358,0.5757575757575758
2024,1278,17.0,0.0,113.045199937735,108.12837370896057,0.5421705330694975,0.5625
2024,1279,17.0,0.0,111.32397309215874,109.79645956858008,0.5119224978046901,0.625
2024,1280,8.0,0.4,111.0745034459972,102.82848012077902,0.5182942804582107,0.6176470588235294
2024,1281,17.0,0.0,108.27524072072909,114.27270504972792,0.5020330962337826,0.25
2024,1282,17.0,0.5,106.45655089132836,107.64807810449562,0.4953062076032096,0.4482758620689655
2024,1283,17.0,0.6666666666666666,105.97926291082126,106.23418132267432,0.5008716376577111,0.5151515151515151
2024,1284,17.0,0.5,109.3177687251056,109.92350225069796,0.4936446110289834,0.5454545454545454
2024,1285,17.0,0.75,116.28610251207613,111.36726417125476,0.5477305974483393,0.6451612903225806
2024,1286,17.0,1.0,109.41056261348601,110.07252427835354,0.5416560045434299,0.4838709677419355
2024,1287,14.0,1.0,114.57084835465545,102.97647336818524,0.5478439185164634,0.7333333333333333
2024,1288,17.0,0.6666666666666666,99.03972681595322,113.91074908925361,0.473674720789934,0.2857142857142857
2024,1290,17.0,0.0,86.73316510353867,121.95263722206677,0.4299909810432734,0.03225806451612903
2024,1291,17.0,0.3333333333333333,105.78020845279674,106.75908295817476,0.5279462263350061,0.3939393939393939
2024,1292,17.0,0.5,96.66499763419985,107.20801043874935,0.45973776303970504,0.3870967741935484
2024,1293,17.0,0.0,108.29267555617886,110.18487844893131,0.500963743682677,0.3548387096774194
2024,1294,17.0,0.5,114.82579516077972,113.07537521295284,0.5638801288420962,0.5666666666666667
2024,1295,17.0,0.0,110.0838555308599,117.08411330067177,0.5338566647703684,0.41379310344827586
2024,1296,17.0,0.5,104.21505864002712,115.94633972513017,0.4988751741558547,0.3103448275862069
2024,1297,17.0,0.5,107.28032930411128,107.15700275043689,0.5066371897898002,0.5161290322580645
2024,1298,17.0,0.5,101.19678694087185,104.81252504596796,0.4436788553238516,0.4
2024,1299,17.0,0.0,98.93036594988769,117.43187850162107,0.4388719158456028,0.21875
2024,1300,17.0,0.5,108.13068887808794,106.82770396240879,0.5010313906519592,0.5185185185185185
2024,1301,11.0,0.7142857142857143,112.7530947888201,107.41782705051853,0.5106670840478957,0.6111111111111112
2024,1303,17.0,0.5,109.47806924147511,112.62560402206356,0.4955048394123278,0.3793103448275862
2024,1304,8.0,0.75,114.01374513628112,103.11336174922316,0.5347305571417788,0.696969696969697
2024,1305,10.0,0.6666666666666666,116.31490499015234,103.11351994629698,0.53356993234991,0.78125
2024,1306,17.0,0.3333333333333333,101.73220675975338,104.99195343220848,0.48158479844821883,0.5
2024,1307,11.0,0.8333333333333334,114.35561373160063,99.70124549964862,0.5118700900271537,0.7352941176470589
2024,1308,17.0,0.5,99.0182855398624,113.4867297861763,0.4683622202279708,0.32142857142857145
2024,1309,17.0,0.25,100.25687722940773,116.02796145465395,0.4536488872334163,0.20689655172413793
2024,1310,17.0,0.4,108.94406231833607,110.4926313579573,0.5226162079983689,0.4838709677419355
2024,1311,17.0,0.8,107.49159741015052,110.23487138165972,0.5136756008576949,0.5483870967741935
2024,1312,17.0,0.0,99.2067942487588,114.57481863118063,0.444567615252031,0.2222222222222222
2024,1313,17.0,0.75,107.86504536105105,105.66592591695826,0.49063550420166036,0.6206896551724138
2024,1314,1.0,0.8,116.50415226048301,100.3035444643841,0.5122366390777588,0.7941176470588235
2024,1315,17.0,0.0,110.83577983335061,111.2608797394212,0.5001626497928089,0.5172413793103449
2024,1316,17.0,0.0,113.09523562579099,115.3675755160793,0.5383215602381292,0.4482758620689655
2024,1317,17.0,0.6,111.51682685056484,103.70374621712952,0.509526554217154,0.5333333333333333
2024,1318,17.0,0.0,108.62194766112204,113.23938032367712,0.5156115606335798,0.375
2024,1319,17.0,0.0,101.02034852499133,112.94857809200816,0.4925231478163154,0.42424242424242425
2024,1320,17.0,0.6666666666666666,110.08505743868284,108.76190822671168,0.517768176638695,0.5625
2024,1321,9.0,0.3333333333333333,115.75470169515226,108.17272415023768,0.5321523340985079,0.65625
2024,1322,17.0,0.0,101.62536241169478,113.92075061768887,0.4836770212773587,0.23333333333333334
2024,1323,17.0,0.25,101.77058754084318,106.68286172620338,0.4802240057485121,0.3939393939393939
2024,1324,14.0,1.0,113.63156546239465,108.23520336139079,0.5249124684100178,0.6764705882352942
2024,1325,17.0,0.75,114.28155599304131,106.56407291405586,0.5254957581920554,0.59375
2024,1326,17.0,0.75,113.67284840469253,105.76633491363245,0.5136690975569311,0.6060606060606061
2024,1328,17.0,0.3333333333333333,112.69367396584663,103.20781435022516,0.5291983262639626,0.625
2024,1329,17.0,0.0,105.65594160569336,108.62372721597035,0.5119353521103928,0.375
2024,1330,17.0,0.0,101.6335146929103,111.32524911240472,0.47644327241887996,0.1935483870967742
2024,1331,17.0,0.3333333333333333,107.96239510020852,115.28706453104344,0.5134900024933414,0.32142857142857145
2024,1332,11.0,0.8,112.45061706769133,106.93653336496493,0.5193710464258634,0.6764705882352942
2024,1333,17.0,0.3333333333333333,103.87327927228809,112.35292712271925,0.5016400453832794,0.3870967741935484
2024,1334,17.0,0.0,94.3920230830372,120.7004294463795,0.4650399585884262,0.13333333333333333
2024,1335,17.0,0.0,109.02764321273133,114.66389973615078,0.5185302369398154,0.3333333333333333
2024,1336,17.0,0.6666666666666666,109.6718442078051,107.202108713656,0.5051370707676117,0.48484848484848486
2024,1337,17.0,0.5,108.83549279097139,113.54401575736222,0.5045823908309386,0.3548387096774194
2024,1338,17.0,0.75,115.48615454049707,103.86093262277623,0.5167498656399245,0.6666666666666666
2024,1339,17.0,0.5,104.22457949389246,118.83916567203781,0.5054626018820297,0.3225806451612903
2024,1340,17.0,0.5,103.38564181816629,105.79456173738329,0.47028517240656265,0.4827586206896552
2024,1341,17.0,0.0,99.33427008276968,111.2215342078712,0.4573204220215821,0.27586206896551724
2024,1342,17.0,0.0,106.89279150471417,110.64351686167896,0.5149420334502405,0.3793103448275862
2024,1343,17.0,0.5,120.62621128913864,106.52556683628768,0.5474458869586099,0.8461538461538461
2024,1344,17.0,0.6,108.23109110713628,102.93232446374341,0.5187964894646953,0.6176470588235294
2024,1345,1.0,0.75,123.7646885920566,104.30800645032849,0.5591270513188693,0.8787878787878788
2024,1346,17.0,0.8,111.05611247869199,104.1097902944411,0.5078635058661383,0.71875
2024,1347,17.0,0.5,110.44976584914313,113.83003928854886,0.5114956790610636,0.45161290322580644
2024,1348,17.0,0.3333333333333333,106.05143316945461,113.85210517969048,0.5140824505647494,0.3548387096774194
2024,1349,17.0,0.0,106.6053972626459,114.45955107003354,0.5032894404135587,0.3225806451612903
2024,1350,17.0,0.3333333333333333,110.64987138841195,101.44119095852886,0.5284865783148031,0.71875
2024,1351,17.0,0.6666666666666666,104.6405837646577,106.57304599912189,0.4814692882674701,0.45161290322580644
2024,1352,17.0,0.0,106.60884822475789,114.08226208991582,0.5041927529821862,0.26666666666666666
2024,1353,17.0,0.0,97.05529429673251,98.98664098050895,0.4345836017772647,0.46875
2024,1354,17.0,0.3333333333333333,101.65873662010765,108.81025182638132,0.4618875481688163,0.4
2024,1355,15.0,1.0,113.59195648688124,107.29791172232886,0.556791205692949,0.6129032258064516
2024,1356,17.0,0.0,112.01318219656936,106.267192224728,0.5278872788614277,0.5806451612903226
2024,1357,17.0,0.0,106.47045342129144,106.6899520899694,0.5125444041317861,0.4666666666666667
2024,1358,17.0,0.75,105.55486532275204,103.18749390783945,0.491181429973434,0.6129032258064516
2024,1359,13.0,1.0,116.7642906337739,103.2268824901732,0.5682697381437543,0.84375
2024,1360,17.0,0.5,103.51182896322737,110.98823790329358,0.49401932976659196,0.5161290322580645
2024,1361,5.0,0.4,111.54171051571504,101.04719494271497,0.49952861631661083,0.6875
2024,1362,17.0,0.5,117.00442823413094,101.34207333115943,0.5523114410498849,0.6875
2024,1363,17.0,0.0,105.75297893903897,116.72845968153,0.5159669828755054,0.25806451612903225
2024,1364,17.0,0.3333333333333333,109.06995797675627,109.24703093054795,0.5346797945817572,0.4827586206896552
2024,1365,17.0,0.5,111.88420847539912,107.08990307600601,0.5236566547174766,0.59375
2024,1367,17.0,0.0,102.32581398953377,111.84828470305393,0.4982024411219707,0.25925925925925924
2024,1368,17.0,0.3333333333333333,102.40297042130821,109.90451609900722,0.4860869735432495,0.41379310344827586
2024,1369,17.0,0.0,94.92838935021415,111.96565711992807,0.4509808514733616,0.18518518518518517
2024,1370,17.0,0.25,107.23350542388633,100.06111621454185,0.5069529910447433,0.5625
2024,1371,17.0,0.5,110.93638328832107,107.03806876073395,0.5031277914079432,0.625
2024,1372,17.0,0.75,103.3763123891876,102.9585088635588,0.4947917077761424,0.5161290322580645
2024,1373,17.0,0.0,92.73680536174946,114.01659867940394,0.45116305506005,0.125
2024,1374,17.0,0.3333333333333333,112.9773193323206,101.13925960777702,0.5107818023920432,0.6129032258064516
2024,1375,17.0,0.0,107.38875334367793,110.92159948463035,0.5145838707327534,0.4827586206896552
2024,1376,6.0,0.5,112.75611138399245,104.70937825614212,0.5083045041402721,0.7878787878787878
2024,1377,17.0,0.0,107.16418595874548,117.64023778616453,0.5220196498649892,0.3103448275862069
2024,1378,17.0,0.5,113.29774736175966,103.13799857761532,0.5204227065706617,0.7741935483870968
2024,1379,17.0,0.0,103.08856590403589,107.56665889260303,0.4854470396233173,0.4666666666666667
2024,1380,17.0,0.5,101.02420029132409,104.11259073124243,0.49789676517124054,0.5172413793103449
2024,1381,17.0,0.5,104.69440765427524,111.12823020245465,0.48745800778559417,0.27586206896551724
2024,1382,17.0,0.4,114.2301664128551,106.7313970047386,0.5228172224887425,0.6060606060606061
2024,1384,17.0,0.0,98.05857911295251,114.39363745338667,0.47353337239045495,0.21428571428571427
2024,1385,17.0,0.75,115.27312052399402,105.05702643840058,0.5100239177869973,0.6060606060606061
2024,1386,17.0,0.6,113.36355924902158,105.58087764683715,0.5321664646185583,0.6176470588235294
2024,1387,17.0,0.5,109.72308547666208,118.194757126935,0.5162172072682955,0.375
2024,1388,5.0,1.0,117.87588476407583,96.10402488215433,0.533726774332848,0.78125
2024,1389,15.0,0.6666666666666666,101.88661096418333,98.89654575402206,0.4528722070318542,0.5806451612903226
2024,1390,17.0,0.5,109.00698357659385,109.56184768872612,0.5423613470493321,0.4375
2024,1391,16.0,1.0,114.75107749996596,116.02027294107559,0.5373223362122705,0.6129032258064516
2024,1392,17.0,0.75,108.89760673923634,108.45112683721864,0.5060235740841805,0.5588235294117647
2024,1393,17.0,0.0,108.14090150307908,109.07052019956501,0.5170923510294364,0.6129032258064516
2024,1394,17.0,0.6666666666666666,104.55060662735981,99.46684372759952,0.46972025868845996,0.6071428571428571
2024,1395,9.0,0.5,112.78940903574338,102.1639024029593,0.5189766260944547,0.6363636363636364
2024,1396,17.0,0.7142857142857143,103.71658072387682,108.15509158243245,0.46297448992979345,0.42857142857142855
2024,1397,2.0,0.3333333333333333,116.45984752750586,99.44902523213702,0.5150309101575317,0.75
2024,1398,17.0,0.5,103.86861951386778,106.50830637811987,0.4917636859154532,0.4827586206896552
2024,1399,17.0,0.0,99.09406194799035,112.2506250264643,0.4909832555525284,0.25
2024,1400,7.0,0.3333333333333333,114.85494334023159,104.77565483579936,0.5394129584274572,0.625
2024,1401,9.0,0.8,113.22893982957115,106.6927552310907,0.45492774284565746,0.5882352941176471
2024,1402,17.0,0.75,100.60141456786533,104.89637719888388,0.4730800114753381,0.45454545454545453
2024,1403,6.0,0.75,115.04602578270209,105.50038121787888,0.52819561852741,0.696969696969697
2024,1404,17.0,0.0,110.26448034869534,108.13496283598116,0.5061024004682323,0.6071428571428571
2024,1405,17.0,0.6666666666666666,115.80690084574621,110.06505372666308,0.5361658473093819,0.625
2024,1406,17.0,0.6666666666666666,106.79169156928575,103.18593044110622,0.47427766724581005,0.5757575757575758
2024,1407,17.0,0.0,109.52978532253361,103.12990270018732,0.5042769674528519,0.5862068965517241
2024,1408,17.0,0.3333333333333333,112.05099854915662,111.01738186672522,0.5423766190850994,0.43333333333333335
2024,1409,17.0,0.5,105.88048589572637,105.96017028674153,0.5055321120439008,0.5
2024,1410,17.0,0.0,95.2296929039001,113.26451037666467,0.45385709786615325,0.13793103448275862
2024,1411,17.0,0.6,102.01825836773833,104.32402637371621,0.4710722657039184,0.4838709677419355
2024,1412,12.0,0.8333333333333334,113.76336252497995,111.51481457385627,0.5034956946059671,0.6666666666666666
2024,1413,17.0,0.75,105.95796492326002,103.46179288721602,0.5057570230752675,0.5806451612903226
2024,1414,17.0,0.6666666666666666,112.78582334423628,100.54664053531717,0.51944247879616,0.71875
2024,1415,17.0,0.75,104.22284641199812,108.48246117755436,0.46628564651531695,0.4375
2024,1416,17.0,0.5,105.56754862062337,100.16268804499394,0.4763016066523218,0.53125
2024,1417,17.0,0.5,104.66612957974,104.8260626322571,0.4685300274822035,0.46875
2024,1418,17.0,0.5,109.54099079028624,106.1150617661062,0.5077813885523307,0.5483870967741935
2024,1419,17.0,0.0,99.96641939564246,111.6734949360339,0.45026917966142127,0.32142857142857145
2024,1420,17.0,0.0,106.60384341873169,110.30838173300037,0.5279127372393235,0.3225806451612903
2024,1421,17.0,0.6666666666666666,111.26557808331502,109.8161911457999,0.523414809080195,0.6129032258064516
2024,1422,17.0,0.0,113.7426978656963,109.89657528353013,0.5319740691558377,0.6333333333333333
2024,1423,17.0,0.0,116.84342766298118,110.07909575716636,0.512434842723694,0.6428571428571429
2024,1424,17.0,0.3333333333333333,111.77086788537441,107.37566804246413,0.5129109701431037,0.5862068965517241
2024,1425,17.0,0.75,107.89089422896144,108.23511419731787,0.5170381102965949,0.45454545454545453
2024,1426,17.0,0.75,109.51377122044468,106.87033469007504,0.5225877410091434,0.5625
2024,1427,17.0,0.0,108.64509544017452,115.31033599564991,0.48324760378236775,0.3225806451612903
2024,1428,17.0,0.25,111.1135683693171,103.36819312906101,0.5377646706520095,0.5757575757575758
2024,1429,8.0,0.75,115.20528724419766,104.15141901434058,0.5447219195688907,0.8064516129032258
2024,1430,17.0,0.6666666666666666,100.78695163734622,102.32611533047906,0.47449154164197577,0.4666666666666667
2024,1431,17.0,0.75,100.10220771920454,100.3467143931828,0.48383810589083626,0.4838709677419355
2024,1433,17.0,0.5,110.73420198922865,103.3607207145616,0.5205035350517858,0.6285714285714286
2024,1434,17.0,0.5,99.90150013283971,113.41088869219678,0.4668673838550192,0.1935483870967742
2024,1435,17.0,0.3333333333333333,102.34819377184965,114.43704778048959,0.45519528759733807,0.28125
2024,1436,13.0,1.0,111.15177753454071,100.4606720048047,0.5214812601780849,0.8125
2024,1437,17.0,0.25,110.27002914387299,102.13395044533641,0.5102620338910713,0.5454545454545454
2024,1438,17.0,0.6666666666666666,106.512774023247,99.63359101433275,0.4930411122098515,0.696969696969697
2024,1439,17.0,0.6666666666666666,114.07159461644386,107.41907223942846,0.541508760283258,0.5625
2024,1440,17.0,0.0,92.02704080501421,116.9846509068206,0.45959924242918543,0.034482758620689655
2024,1441,17.0,0.0,113.3275959181141,105.29732496006925,0.5165434519817379,0.6551724137931034
2024,1442,17.0,0.5,102.7119072433166,104.24819249027433,0.4745514343382936,0.5862068965517241
2024,1443,15.0,0.75,107.65938227548074,101.00151816020185,0.5223827786429222,0.6333333333333333
2024,1444,17.0,0.3333333333333333,102.83546181177344,111.2882494623644,0.48861256159873995,0.3548387096774194
2024,1447,17.0,1.0,100.73115260736226,102.708336023878,0.4481420631669354,0.4827586206896552
2024,1448,17.0,0.5,116.16279146644779,104.49409935231283,0.5502319284645125,0.6060606060606061
2024,1449,17.0,0.5,112.01002950124487,106.87637348719267,0.5378197546830474,0.53125
2024,1450,7.0,0.3333333333333333,113.93719951508712,102.49838915893918,0.522997573374464,0.7272727272727273
2024,1451,17.0,0.0,112.90599422944857,107.43077787971818,0.5306281420939197,0.5862068965517241
2024,1452,17.0,0.0,103.90452178458887,114.4678981404087,0.4988442919124039,0.28125
2024,1453,17.0,0.0,108.05497094780642,110.35767800694917,0.5245944786086904,0.5333333333333333
2024,1454,17.0,0.75,112.73793248046235,113.49318814926274,0.5129592641927613,0.5454545454545454
2024,1455,17.0,0.5,105.16383627581862,106.86910756594645,0.49794296662795096,0.42424242424242425
2024,1456,17.0,0.5,105.55458972523336,114.60068804985688,0.48723677444233704,0.25806451612903225
2024,1457,17.0,0.0,110.81834376349622,108.73275186221454,0.5202543283958356,0.4827586206896552
2024,1458,5.0,0.6666666666666666,116.50703198308737,107.78372089448253,0.5276655979994368,0.6285714285714286
2024,1459,17.0,0.0,112.08578934181116,115.63394350402749,0.5336464545058883,0.4827586206896552
2024,1460,17.0,0.0,121.25663726564201,116.54088028461841,0.5886148137915005,0.5333333333333333
2024,1461,17.0,0.6666666666666666,107.8714757917857,113.744252797821,0.5123969164517923,0.43333333333333335
2024,1462,17.0,0.25,107.75288355556393,105.86007535603062,0.4908862284054803,0.48484848484848486
2024,1463,13.0,0.6666666666666666,113.23179433892771,104.82473530170024,0.5235281831749571,0.6896551724137931
2024,1464,17.0,0.0,113.19717994379916,104.23394584239092,0.5066410161216603,0.6428571428571429
2024,1465,17.0,0.25,104.56919002985848,104.72169683861995,0.4683513986370501,0.45161290322580644
2024,1466,17.0,0.5,110.34632353372875,113.44146706718196,0.49851988960071153,0.43333333333333335
2024,1467,17.0,0.6666666666666666,101.90484229752515,97.15243221634252,0.5006029849270777,0.6129032258064516
2024,1468,17.0,0.0,103.58939695281727,117.87391612345252,0.491716034308404,0.17857142857142858
2024,1469,17.0,0.5,100.0360429758194,109.77897247281261,0.5063624748801804,0.3333333333333333
2024,1470,17.0,0.3333333333333333,109.26340809159518,107.23223078568728,0.499470059137066,0.6896551724137931
2024,1471,17.0,0.5,113.98024018982947,106.34411012173165,0.520537204931241,0.6333333333333333
2024,1472,17.0,0.5,113.51695119970117,105.56199096818749,0.5462231354596587,0.5666666666666667
2024,1473,17.0,0.0,94.77441510915101,111.6555294804488,0.43421489286430787,0.21428571428571427
2024,1474,17.0,0.5,107.43685238884842,114.76822209164484,0.5004663346623897,0.3870967741935484
2024,1475,17.0,0.0,99.06537470151702,110.86062610278528,0.459744219875555,0.1724137931034483
2024,1476,17.0,0.0,94.27486198573652,114.2233194530601,0.47227641033832923,0.1
2024,1477,17.0,0.5,97.5035460098036,112.07437565679771,0.45919831095850133,0.3333333333333333
2024,1478,17.0,0.5,105.46026181725847,107.60028132644959,0.5026565900955023,0.41379310344827586
2024,3101,17.0,0.3333333333333333,100.02712864591446,98.10513680044608,0.47837434751362773,0.4074074074074074
2024,3102,17.0,0.0,91.51772884445907,96.90944972226501,0.43854670118976746,0.43333333333333335
2024,3103,17.0,0.5,90.98558823239658,96.87995486675123,0.4379677929816202,0.3793103448275862
2024,3104,8.0,0.5,105.0016753310299,88.08002838450741,0.49648939643757306,0.71875
2024,3105,17.0,0.0,87.65252028714985,89.61179580268715,0.40984710368929445,0.4666666666666667
2024,3106,17.0,0.0,70.74983998039339,103.93718524011287,0.37151645866704586,0.10344827586206896
2024,3107,17.0,0.5,97.58978981675902,85.64607015660916,0.48438301871894485,0.8
2024,3108,17.0,0.6666666666666666,79.91159531049443,94.06541894583678,0.3994646464429528,0.3548387096774194
2024,3110,17.0,0.5,87.59324960979423,95.24456218967268,0.440400092272001,0.3333333333333333
2024,3111,17.0,0.5,94.05553869805814,95.23624289793534,0.44743480888057885,0.53125
2024,3112,11.0,0.5,98.82923926373616,92.87456676570329,0.4758164644938087,0.53125
2024,3113,17.0,0.0,90.23642700880728,103.20865776283968,0.41852524778289985,0.3548387096774194
2024,3114,17.0,0.0,86.06026729242613,93.68424417904278,0.42749958660017373,0.4
2024,3115,17.0,0.25,94.45215775181184,93.60095887140476,0.4547172046015519,0.4838709677419355
2024,3116,17.0,0.0,95.38091039218168,93.62815389178147,0.44609445577638884,0.5625
2024,3117,17.0,0.0,98.33776068442118,98.6620093257366,0.4550939920015447,0.41379310344827586
2024,3119,17.0,0.0,88.38936864883478,96.2034878214294,0.4119286146710055,0.37037037037037035
2024,3120,17.0,0.6666666666666666,92.91586715954328,81.90746849952627,0.43690545621723176,0.6451612903225806
2024,3122,17.0,0.6666666666666666,92.62633742727927,90.550979010111,0.478148036780172,0.5
2024,3123,17.0,0.75,104.59991727350746,87.01033604254074,0.5121197950687393,0.84375
2024,3124,5.0,0.6666666666666666,104.01597623641854,83.02625505323255,0.5079255240383732,0.7741935483870968
2024,3125,17.0,0.8,104.0138061816624,91.74036296833705,0.5095349535992326,0.7575757575757576
2024,3126,17.0,0.0,86.95876418774421,87.55089254950806,0.39566168366462645,0.42857142857142855
2024,3127,17.0,0.5,97.07890227782443,95.98342399145263,0.48799435161531834,0.41379310344827586
2024,3129,17.0,0.5,94.24652231935289,87.76815871603655,0.4585015845320432,0.59375
2024,3130,17.0,0.6666666666666666,97.42702218016755,95.7961699130474,0.46061460372528523,0.42424242424242425
2024,3131,17.0,0.5,95.49445065272856,95.19189115743569,0.4964996797073857,0.6129032258064516
2024,3132,17.0,0.3333333333333333,100.70799700693588,103.86951827511979,0.5005107969959182,0.5333333333333333
2024,3133,17.0,0.0,86.62892879111756,109.8353787246134,0.44759749366044355,0.16129032258064516
2024,3135,17.0,1.0,90.90095360905242,91.86762146427765,0.45085819837754393,0.5769230769230769
2024,3136,17.0,0.0,88.17107416940044,94.34744431209688,0.45333014797978155,0.4642857142857143
2024,3137,17.0,0.3333333333333333,87.26650412744068,95.45354036461424,0.43068511151152233,0.41935483870967744
2024,3138,17.0,0.6,96.42560327026024,94.34405919848751,0.4617896819523513,0.5806451612903226
2024,3139,17.0,0.0,95.6237146643039,98.49804502549445,0.49167591160797885,0.4482758620689655
2024,3140,17.0,0.0,96.51496888513344,97.19033036114533,0.49955596383980017,0.5
2024,3141,17.0,0.0,83.94279646356932,99.41634724733588,0.431732198264138,0.18518518518518517
2024,3142,17.0,0.3333333333333333,91.6673258967183,91.06275794539675,0.4693412671855289,0.5666666666666667
2024,3143,17.0,0.5,99.10134882790058,97.82175375053288,0.4753990380220732,0.5625
2024,3144,17.0,0.4,92.02584925908913,89.99630407989132,0.4755203627238377,0.5172413793103449
2024,3145,17.0,0.3333333333333333,92.54394598395278,94.07313670537728,0.4605533351443959,0.5333333333333333
2024,3146,17.0,0.6666666666666666,96.84736241897787,90.79224309692492,0.48180903574261086,0.6333333333333333
2024,3148,17.0,0.0,86.33087579873768,98.1991111220236,0.4204086793702941,0.3
2024,3149,17.0,0.0,85.27392345917,93.2699929334324,0.4318533992233262,0.3448275862068966
2024,3150,17.0,0.0,90.95598634258995,88.95472899516054,0.4380918248999481,0.5161290322580645
2024,3151,14.0,1.0,105.18024250693433,89.86427324359984,0.5070200875814981,0.8666666666666667
2024,3152,17.0,0.0,0.0,0.0,0.0,0.0
2024,3153,17.0,0.5,90.80510388087065,94.44907574348778,0.3973691346084286,0.45161290322580644
2024,3155,17.0,0.0,98.33162172841637,98.8184835083252,0.4911366792787135,0.3870967741935484
2024,3156,17.0,0.6666666666666666,106.47082806533832,87.62823820453596,0.5161252650923336,0.8529411764705882
2024,3157,17.0,0.5,90.13944466296523,97.81992549993966,0.4366292349041352,0.3548387096774194
2024,3158,17.0,0.75,98.24547551641197,86.91165485817992,0.44742465420898103,0.6785714285714286
2024,3159,17.0,0.6666666666666666,97.70530398398866,91.2978212773926,0.463828460931067,0.5666666666666667
2024,3160,5.0,0.5,106.42988178144364,89.84621581210398,0.5145543325622032,0.7096774193548387
2024,3161,17.0,0.6666666666666666,102.05808515485701,92.17828141090273,0.509226506901741,0.6333333333333333
2024,3162,12.0,0.6666666666666666,111.01257013161378,92.15396797934292,0.52006060121638,0.7931034482758621
2024,3163,3.0,1.0,113.64316504985362,80.70744212311484,0.5565866996639235,0.8484848484848485
2024,3164,17.0,0.75,84.14695998745883,91.3011878672194,0.40147499950065657,0.4
2024,3165,17.0,0.0,82.165082727214,98.73730057864802,0.39886775264513885,0.2692307692307692
2024,3166,7.0,0.6666666666666666,110.45728899916277,94.23251708687035,0.5144511314802095,0.8333333333333334
2024,3167,17.0,0.0,87.84331480685361,101.14371113536595,0.4340924861255039,0.25
2024,3168,17.0,0.0,87.58924322076444,97.05168547533157,0.44072069822123794,0.3225806451612903
2024,3169,17.0,0.0,76.45319432283513,97.77317805788852,0.3868380638062749,0.10344827586206896
2024,3170,17.0,0.3333333333333333,86.08222421736778,101.3979912329032,0.4428331971405008,0.1935483870967742
2024,3171,17.0,0.0,76.10912657518777,98.05924492985412,0.3959935810425139,0.20833333333333334
2024,3172,17.0,0.0,102.57549859695239,88.15627666696561,0.4926492164435314,0.6923076923076923
2024,3173,17.0,0.5,88.99507537101286,101.40004965266444,0.42770129691997677,0.3448275862068966
2024,3174,17.0,0.25,92.5014620542397,91.54560232204301,0.4640236837923722,0.3548387096774194
2024,3175,17.0,0.0,79.0236230466347,105.86767396379946,0.3891406053990036,0.23076923076923078
2024,3176,17.0,0.0,95.6868984949344,105.26617363300409,0.46815034498472186,0.2413793103448276
2024,3177,17.0,0.0,96.67771594182514,97.34799428246228,0.45861580548063957,0.375
2024,3178,17.0,0.5,88.36407635340454,93.02842679615861,0.45932416497169154,0.5151515151515151
2024,3179,12.0,1.0,109.50707331175445,93.30258497915852,0.557865562731819,0.8529411764705882
2024,3180,16.0,1.0,92.83870468509357,89.60154506247538,0.445093880978372,0.5625
2024,3181,7.0,0.3333333333333333,99.35227763716235,84.03428949013109,0.4958130795290153,0.6451612903225806
2024,3182,17.0,0.6666666666666666,101.19834643624301,97.68670115749131,0.5010148534640373,0.625
2024,3183,17.0,0.5,93.1469127316711,96.26171984075368,0.4560388808693596,0.45454545454545453
2024,3184,17.0,0.5,95.13236240561807,90.98511500570295,0.4469215216635244,0.6333333333333333
2024,3185,17.0,0.5,81.7556216051931,98.80918097011633,0.4077271840467418,0.21428571428571427
2024,3186,14.0,1.0,101.06101136071266,83.19308167053251,0.4700307051639198,0.84375
2024,3187,17.0,0.6666666666666666,91.2396121163424,88.51169573812003,0.42907632595526374,0.5757575757575758
2024,3188,17.0,0.0,91.97183745195564,107.82025468375248,0.45154823694182245,0.13333333333333333
2024,3189,17.0,0.5,78.22241325354393,91.91484858722355,0.3880913104863556,0.3333333333333333
2024,3190,17.0,0.0,94.5146737669069,90.43508815182722,0.45497869648910927,0.5714285714285714
2024,3191,17.0,0.0,81.89793973532574,106.16419310141137,0.4022262082217621,0.125
2024,3192,17.0,0.6666666666666666,92.08226703991508,98.68333948279793,0.4377792992573351,0.43333333333333335
2024,3193,13.0,1.0,104.86608612562864,80.44225856325022,0.5402112032094847,0.967741935483871
2024,3194,17.0,0.3333333333333333,90.22332033524495,98.41614435982714,0.4564385571384564,0.3448275862068966
2024,3195,12.0,1.0,110.0025126862426,83.77698108147965,0.5163730209698205,0.8709677419354839
2024,3196,17.0,0.5,101.1538259172999,94.74886227062223,0.482200212723796,0.5161290322580645
2024,3197,17.0,0.3333333333333333,83.76238037032603,98.44961479639441,0.4190134112508313,0.3
2024,3198,17.0,0.3333333333333333,93.60963676073108,90.45711417002144,0.4590930104989956,0.6333333333333333
2024,3199,9.0,0.75,102.72605048431092,92.75358568252291,0.4682841039943299,0.696969696969697
2024,3200,17.0,0.0,90.47762554285094,93.87398586480715,0.44385415426298025,0.37037037037037035
2024,3201,17.0,0.3333333333333333,95.35170329419579,97.52388682962852,0.44975503189983235,0.41935483870967744
2024,3202,17.0,0.0,90.8117751657913,96.01570308595629,0.4302261011387384,0.42857142857142855
2024,3203,17.0,0.0,87.73519844240651,90.68321138433436,0.42383290770007453,0.4
2024,3204,17.0,0.5,89.65736759332063,92.40094152581077,0.4118779907230751,0.41935483870967744
2024,3205,17.0,0.0,86.12566706980813,105.67812190129494,0.4370599344004841,0.2
2024,3206,17.0,0.0,100.88416398119497,83.81921069159121,0.4509721269914619,0.7586206896551724
2024,3207,17.0,0.75,91.86053270040091,86.84420229927521,0.4416631168972481,0.6666666666666666
2024,3208,17.0,0.0,89.90384387911787,95.77186544587832,0.43402219277598403,0.4
2024,3209,17.0,0.0,94.52193792681508,96.6516003833789,0.44748352073320125,0.4642857142857143
2024,3210,17.0,0.6666666666666666,97.84774956148024,95.38607243762061,0.46962786174364274,0.53125
2024,3211,4.0,0.5,119.85641302602869,88.60587895671638,0.5662330464451404,0.9090909090909091
2024,3212,17.0,0.8,88.34834908751473,85.89793925343527,0.42224280292500815,0.6785714285714286
2024,3213,17.0,0.0,102.00484817176411,84.41742973859593,0.49419512159469087,0.7419354838709677
2024,3214,17.0,0.0,76.03369299441054,95.19940741474285,0.36785196392169134,0.10344827586206896
2024,3217,17.0,0.5,101.62327259674949,93.38879038212715,0.48666079383528205,0.5714285714285714
2024,3218,17.0,0.6666666666666666,92.8642772418135,87.23992758617428,0.4598546779802143,0.6666666666666666
2024,3219,17.0,0.5,90.92209449709219,94.82005071356946,0.45959038175646155,0.6206896551724138
2024,3220,17.0,0.3333333333333333,82.61026708314789,90.59885866119113,0.4088355497422981,0.3225806451612903
2024,3221,16.0,1.0,96.63689796920848,88.29439019655732,0.4486309345505743,0.6129032258064516
2024,3222,17.0,0.0,91.64257621013385,94.84856075973275,0.4237824421777472,0.4666666666666667
2024,3223,17.0,0.0,74.96959363687601,102.34917645737582,0.3935681494052905,0.08
2024,3224,17.0,0.6,84.80642019202233,82.79189665281812,0.3989486736050508,0.4838709677419355
2024,3225,17.0,0.5,92.20142983259484,91.29604927868043,0.44733220903555704,0.4482758620689655
2024,3226,17.0,0.0,87.89331499112112,92.9882434510259,0.41051218867457495,0.3448275862068966
2024,3227,17.0,0.5,96.24730904090555,92.15400769844729,0.4718728028240049,0.5454545454545454
2024,3228,17.0,0.5,107.1813574751605,98.33876147876649,0.4967225924577368,0.4827586206896552
2024,3229,17.0,0.5,105.20372322659709,97.86948093681401,0.5103137521995641,0.6451612903225806
2024,3230,17.0,0.0,92.95311026459314,90.63501633718467,0.41295098842746136,0.5769230769230769
2024,3231,4.0,0.5,114.12056286045365,92.31804480388912,0.5847329825267661,0.8275862068965517
2024,3232,17.0,0.2,90.74905690273127,101.12999645090387,0.4296713471459394,0.3548387096774194
2024,3233,17.0,0.0,88.68328856391503,96.77254180758446,0.4599655416536024,0.36666666666666664
2024,3234,1.0,1.0,121.83142546216067,94.04670414365155,0.5902271392592747,0.8787878787878788
2024,3235,7.0,0.6666666666666666,105.60445408574331,96.37339290208233,0.5385215600356363,0.6451612903225806
2024,3236,17.0,0.5,97.82083184102687,92.06657976924963,0.4771523046558899,0.6129032258064516
2024,3237,17.0,0.0,87.74069994996026,102.3127534855569,0.4427915228918549,0.23333333333333334
2024,3238,14.0,1.0,99.13993504034849,83.91676944796644,0.4340361063680537,0.7931034482758621
2024,3239,17.0,0.5,88.91744452449211,97.9567543459096,0.4518742037354274,0.3103448275862069
2024,3240,17.0,0.5,83.54933591294713,94.19730919542475,0.4065466070016643,0.37037037037037035
2024,3241,17.0,0.6666666666666666,97.25499639736984,91.38732550895895,0.46711045890410463,0.65625
2024,3242,8.0,0.5,100.99346836671766,94.08298055897842,0.4895254423465686,0.6129032258064516
2024,3243,4.0,0.5,102.96047821196812,82.34989619531554,0.5097879637017031,0.78125
2024,3244,17.0,0.0,85.68691290056279,98.07913407369703,0.40440227306308374,0.32142857142857145
2024,3245,15.0,0.6,101.31502060426918,92.68120171094888,0.47554870515174447,0.6551724137931034
2024,3246,17.0,0.3333333333333333,88.48654187027708,102.33033282378234,0.43322024521749214,0.375
2024,3247,17.0,0.0,83.21677980203025,103.07378262697418,0.4162422451231508,0.26666666666666666
2024,3248,17.0,0.0,87.95672668340619,100.5296729027548,0.455597825657384,0.3333333333333333
2024,3249,17.0,0.6666666666666666,100.3464372209983,89.55593881690275,0.4545526731045877,0.7857142857142857
2024,3250,17.0,0.5,98.36082332324601,95.65940549699489,0.4997743364882304,0.5517241379310345
2024,3251,17.0,0.6,100.13277451450017,103.47804937002769,0.48626236959992364,0.5
2024,3252,17.0,0.0,93.19906798141905,94.47181968188725,0.4548086039898972,0.5357142857142857
2024,3253,17.0,0.6,89.30441577450935,92.45055431825402,0.45401649817383494,0.4375
2024,3254,17.0,0.5,85.0640401887643,99.32889372853748,0.4336420799670127,0.26666666666666666
2024,3255,17.0,0.0,81.52102155665364,96.81240044640569,0.4057830979709319,0.25
2024,3256,17.0,0.5,91.06821530756983,95.23748978474775,0.4598877018917922,0.3870967741935484
2024,3257,6.0,0.3333333333333333,106.08908128918426,90.94640321950979,0.49417123914233324,0.7272727272727273
2024,3258,17.0,0.5,91.87824794952341,102.76818668025751,0.4527653866987548,0.32142857142857145
2024,3259,17.0,0.3333333333333333,93.30440003369844,97.03715923741231,0.45835957289306356,0.5161290322580645
2024,3260,17.0,0.5,94.4083485111494,94.42112147282367,0.46593147624533154,0.4838709677419355
2024,3261,3.0,0.75,112.84976135671094,82.27875184825317,0.4992858301596642,0.8484848484848485
2024,3262,17.0,0.0,79.15587672074338,97.28545759538723,0.40449150988921606,0.13793103448275862
2024,3263,15.0,1.0,100.54369305729,88.13046683657983,0.46454480601587356,0.7272727272727273
2024,3264,17.0,0.3333333333333333,90.81499594006546,89.66943525631174,0.44455806600544384,0.6
2024,3265,17.0,0.3333333333333333,79.94288945110992,92.23629581091387,0.40127782359801534,0.1935483870967742
2024,3266,10.0,0.5,101.98731432134416,86.86220009822894,0.505786355987941,0.7419354838709677
2024,3267,13.0,1.0,105.92704338947836,90.51457397099126,0.5030540579245553,0.8
2024,3268,10.0,0.5,103.250580060044,96.90836111418322,0.48557393934526405,0.59375
2024,3269,17.0,0.5,84.75012462459165,103.94008942732717,0.44233089959399496,0.15625
2024,3270,17.0,0.0,82.9305002754004,111.83575624092958,0.40415335733645047,0.07407407407407407
2024,3271,17.0,0.3333333333333333,88.28227169087882,88.05095615349269,0.40462718253734764,0.4642857142857143
2024,3272,17.0,0.0,89.70661815049444,92.07139204786806,0.41275168237638465,0.43333333333333335
2024,3273,17.0,0.5,95.05997663030305,94.20337706771127,0.43434325646014327,0.46875
2024,3274,17.0,0.3333333333333333,99.13884397145159,89.48161982844069,0.4906597756026749,0.6129032258064516
2024,3275,17.0,0.5,81.99939016239993,97.09513043127104,0.4248465038919387,0.3103448275862069
2024,3276,9.0,0.75,102.1749865840456,93.5145825255795,0.4892499432688302,0.6060606060606061
2024,3277,9.0,0.5,114.73042927718504,92.41137224416381,0.5575317100262651,0.7333333333333333
2024,3278,17.0,0.3333333333333333,99.58874291799889,95.48400338096157,0.4757493902444803,0.5161290322580645
2024,3279,7.0,0.6666666666666666,98.48393176385962,84.2922795960285,0.443262137222897,0.7419354838709677
2024,3280,17.0,0.5,106.43885589948516,93.22833166795121,0.5012053038626488,0.65625
2024,3281,17.0,0.0,99.30263170535211,101.50337319918565,0.5110686779272349,0.36666666666666664
2024,3282,17.0,0.0,88.50215031688623,97.21895572836503,0.4346172512266476,0.3333333333333333
2024,3283,17.0,0.6,101.57350298503334,92.46220879657616,0.47557476047985026,0.71875
2024,3284,17.0,0.75,95.3745845123578,87.71538989156267,0.47771099381470766,0.6896551724137931
2024,3285,17.0,0.6666666666666666,106.8999824852867,95.62117152849,0.5195605397176846,0.7
2024,3286,17.0,0.6666666666666666,87.91602582166887,86.61030393273485,0.4209127953263191,0.5151515151515151
2024,3287,17.0,0.0,91.41085372829501,96.38794975258861,0.44657200620933796,0.4444444444444444
2024,3288,17.0,0.0,77.20945124407353,93.60773954102066,0.37285199982509515,0.21428571428571427
2024,3290,17.0,0.0,74.92363852498997,103.4093503652302,0.36562484529745853,0.12903225806451613
2024,3291,17.0,0.6666666666666666,82.83668507975703,88.56775620261092,0.4104800989993035,0.45161290322580644
2024,3292,11.0,1.0,110.93200981122321,83.78629225890506,0.5147315594046232,0.8787878787878788
2024,3293,17.0,0.6,108.89995362478383,97.98525119800397,0.5117628130986112,0.6333333333333333
2024,3294,17.0,0.0,96.2885896314982,95.26974897629702,0.48979408364056237,0.4642857142857143
2024,3295,17.0,0.6666666666666666,104.77161397049602,97.56848516718983,0.5032757982376612,0.6333333333333333
2024,3296,17.0,0.6666666666666666,90.50612409696552,95.187608798828,0.45235206812946366,0.4666666666666667
2024,3297,17.0,0.5,96.45912278593423,104.70097851634374,0.48047874937726387,0.3333333333333333
2024,3298,17.0,0.6666666666666666,86.95575522030389,93.76045454936596,0.4193627464320588,0.41379310344827586
2024,3299,17.0,0.4,92.44631819720665,85.40467020804569,0.42412537202096723,0.6206896551724138
2024,3300,17.0,0.75,80.14821622453299,89.95620404356966,0.4043444567470344,0.4642857142857143
2024,3301,3.0,0.75,102.65857995666194,83.91171644823348,0.4780111942437094,0.8181818181818182
2024,3303,17.0,0.5,96.34446572522882,111.7236606561585,0.4677611576966267,0.20689655172413793
2024,3304,6.0,0.6,105.519004097693,92.02097701836576,0.4952804137331053,0.6666666666666666
2024,3305,17.0,0.5,91.40170957726063,93.43492211370169,0.4290580670184523,0.4838709677419355
2024,3306,17.0,0.0,83.1717016001118,92.75408347226085,0.4069161166947129,0.2857142857142857
2024,3307,17.0,0.5,93.53385333210802,88.69731450776285,0.4551229573438585,0.6451612903225806
2024,3308,17.0,0.6666666666666666,87.95425164342872,91.25085922741053,0.4360909608730447,0.4
2024,3309,17.0,0.5,82.6925109712923,90.84513709058015,0.3889925817233176,0.36666666666666664
2024,3310,17.0,0.75,88.6520209297917,87.48597220543125,0.42376171722972855,0.6060606060606061
2024,3311,17.0,0.3333333333333333,88.38449438955888,93.60155490639224,0.4292385012144261,0.3793103448275862
2024,3312,17.0,0.0,85.74930541636127,92.99232605828253,0.4219620498418256,0.4
2024,3313,15.0,1.0,98.32884835717984,78.14687214788317,0.448920233129732,0.8387096774193549
2024,3314,8.0,0.5,99.47188387046417,89.30944493491758,0.4658047329711517,0.6129032258064516
2024,3315,17.0,0.0,89.2550052048225,106.62851181459251,0.42860032567880274,0.25925925925925924
2024,3316,17.0,0.0,86.86394425755198,101.55782929652526,0.4485486388883856,0.2222222222222222
2024,3317,17.0,0.5,101.56121454586395,89.33975263264641,0.5077073935473477,0.7333333333333333
2024,3318,17.0,0.6666666666666666,89.01453947825188,100.30301257907831,0.47152027535359975,0.37037037037037035
2024,3319,17.0,0.75,103.05782075749205,96.59674392673939,0.48393805205696144,0.7272727272727273
2024,3320,17.0,0.75,104.39879423508363,99.59036163042522,0.5001469299678545,0.5161290322580645
2024,3321,17.0,0.5,92.62599613671789,112.11831302555935,0.4614580182450149,0.3
2024,3322,17.0,0.0,82.12920366471099,92.46347384338982,0.40847441471388707,0.32142857142857145
2024,3323,2.0,1.0,105.82638911019961,80.91952294013662,0.5010347830842778,0.8125
2024,3324,17.0,0.0,93.03557093614165,103.25710253913105,0.42001174845610545,0.37037037037037035
2024,3325,17.0,0.3333333333333333,86.61655349818251,96.9681624834366,0.45454128117972314,0.36666666666666664
2024,3326,2.0,0.0,109.44651423282276,87.77184861195138,0.5333288911042308,0.8275862068965517
2024,3328,5.0,0.5,100.55260800603521,90.25246269237293,0.48793437863862127,0.7096774193548387
2024,3329,17.0,0.0,99.9170823885307,96.09463664994246,0.5067622340793262,0.4666666666666667
2024,3330,17.0,0.5,89.23492537228995,84.33228331652798,0.4211357965323618,0.7
2024,3331,17.0,0.5,101.64413909219054,98.90157853600125,0.46462172284633896,0.6296296296296297
2024,3332,17.0,0.0,88.97394274733745,100.42519812514585,0.426753417719287,0.34375
2024,3333,3.0,0.5,107.11071597462623,89.87274081563469,0.5340921078850406,0.7741935483870968
2024,3334,17.0,0.6666666666666666,96.68731553752961,96.95150264905158,0.48745924708738125,0.5483870967741935
2024,3335,17.0,0.0,94.43181385365587,96.67013318986528,0.46024875005660537,0.5
2024,3336,17.0,0.6666666666666666,110.21323446706423,94.30688158407713,0.5589866454959199,0.6129032258064516
2024,3337,17.0,0.0,77.39769758809557,105.50100162484328,0.40257718657616576,0.10714285714285714
2024,3338,17.0,0.0,88.14755716229203,100.31458448761764,0.4322797297792235,0.25
2024,3339,13.0,1.0,93.55461151152419,88.20743268992183,0.48035274442524384,0.6129032258064516
2024,3340,17.0,0.0,87.18644438096312,107.48926473489503,0.4428412558238258,0.20689655172413793
2024,3341,17.0,0.0,82.39962091851757,100.06920552597083,0.380830066910471,0.3076923076923077
2024,3342,16.0,1.0,86.85598865142185,91.03559531212711,0.45595222360363274,0.5483870967741935
2024,3343,9.0,1.0,108.37866173425722,86.5506619755406,0.5015162977818534,0.8620689655172413
2024,3344,17.0,0.5,88.93925622117413,93.54847072633105,0.45713625934658225,0.3939393939393939
2024,3345,17.0,0.3333333333333333,97.8018769556969,99.07510443206799,0.46822832496000355,0.41935483870967744
2024,3346,17.0,0.75,88.56778314625502,96.2263020859149,0.4483840481324961,0.41935483870967744
2024,3347,17.0,0.6666666666666666,85.23532768533433,91.87355315652326,0.42021671226741,0.4375
2024,3348,17.0,0.75,97.56547268177769,86.65141657894088,0.4542929598716132,0.6
2024,3349,14.0,0.8,96.44057939381926,89.42551581397608,0.452436202487342,0.5757575757575758
2024,3350,10.0,1.0,110.56157830149198,91.1113800258666,0.5583057814831509,0.8529411764705882
2024,3351,17.0,0.25,84.21326407943974,99.0252378115656,0.44339856761560453,0.3225806451612903
2024,3352,17.0,0.0,80.78852272235541,102.0730186499597,0.39703647685784343,0.14285714285714285
2024,3353,17.0,0.0,93.71186678852465,104.60668681662692,0.4669180025937578,0.25
2024,3354,17.0,0.0,73.39159952237962,105.97597449443401,0.3808026535863978,0.06666666666666667
2024,3355,12.0,1.0,108.66075008055024,88.48924634607036,0.5436786056749277,0.8333333333333334
2024,3356,17.0,0.6666666666666666,90.87311154212367,94.94617175892199,0.4337214672813258,0.3548387096774194
2024,3357,17.0,1.0,98.44633624363475,85.77637378449141,0.45542092754822006,0.7096774193548387
2024,3358,17.0,0.0,84.15254094347834,98.78766101618785,0.3882557659857481,0.18518518518518517
2024,3359,17.0,0.0,85.11863534518452,94.3417212121731,0.41742341632113034,0.4074074074074074
2024,3360,17.0,0.5,91.65613522128096,100.01065153172728,0.43915451955754253,0.26666666666666666
2024,3361,17.0,0.8,96.6583115417319,94.96573686183693,0.46115653493027864,0.6060606060606061
2024,3362,17.0,0.0,94.043376047181,95.29194703383111,0.44870985716345435,0.4482758620689655
2024,3363,17.0,0.0,87.2307058308634,101.01458682662879,0.4618963604694141,0.2
2024,3364,17.0,0.0,93.44281899945769,95.0408631568112,0.46162616071980317,0.4827586206896552
2024,3365,17.0,0.0,106.40281993996068,92.48095486047032,0.5014437340732593,0.7333333333333333
2024,3367,17.0,0.5,85.5905922124713,89.2150597770145,0.4362212972091348,0.5
2024,3368,17.0,0.6666666666666666,89.20095042885832,86.71570075023081,0.42464483692531857,0.5714285714285714
2024,3369,17.0,0.0,85.68823485888676,95.92263958011952,0.40974293075839907,0.25925925925925924
2024,3370,17.0,0.5,89.05454392973921,105.3332762971249,0.43548468061822965,0.20689655172413793
2024,3371,17.0,0.3333333333333333,97.52947172307267,89.78883126560358,0.46535264853789643,0.5483870967741935
2024,3372,17.0,0.6,98.69870317614323,94.34539628294854,0.47462581162112494,0.625
2024,3373,17.0,0.6666666666666666,96.28254098357365,89.59581241058663,0.4749735964172743,0.6
2024,3374,17.0,0.0,97.34973678788464,95.32930917187736,0.4743047690952721,0.4666666666666667
2024,3375,17.0,0.0,82.79737155045646,101.56836492907415,0.41407047922322976,0.23333333333333334
2024,3376,1.0,1.0,116.82365170052861,76.74508028239805,0.5485401853157914,1.0
2024,3377,17.0,0.5,100.47106253004858,96.90304928350834,0.49425406302524205,0.6
2024,3378,17.0,0.6666666666666666,97.5123030889356,92.10885273226761,0.4442290167686866,0.5757575757575758
2024,3379,17.0,0.5,94.5801937966714,89.92235927175413,0.45764307470284804,0.5666666666666667
2024,3380,17.0,0.75,85.56271265242414,91.31207124215705,0.4160252593264309,0.4827586206896552
2024,3381,17.0,0.3333333333333333,94.14037558734411,106.41727062085621,0.46843852718264317,0.2413793103448276
2024,3382,17.0,0.0,82.88038961453555,100.65143601425466,0.4115600468742185,0.13333333333333333
2024,3384,17.0,0.0,79.33507100825415,106.93950938536277,0.3886467188654212,0.16666666666666666
2024,3385,17.0,0.0,96.36430058483572,92.92451743738667,0.45838555483903215,0.5483870967741935
2024,3386,17.0,0.0,103.72415476126233,84.78484946072865,0.5003951491654937,0.8387096774193549
2024,3387,17.0,0.6666666666666666,97.98042625838042,101.4766682756084,0.4702760651016268,0.4375
2024,3388,17.0,0.0,94.83849959620551,102.28903676448545,0.4941925233805226,0.4
2024,3389,17.0,0.0,75.91166398120508,93.70287767761783,0.403165773774522,0.23333333333333334
2024,3390,2.0,0.6666666666666666,114.64049121968421,87.85236684878754,0.5238257575567576,0.8484848484848485
2024,3391,17.0,0.0,86.25454177178766,90.47776004671277,0.41696458402699443,0.5172413793103449
2024,3392,17.0,0.8333333333333334,101.95119024189214,78.6951592471077,0.4967023070742666,0.8709677419354839
2024,3393,6.0,0.0,106.07728618646867,93.12906188271882,0.47031046059685966,0.7666666666666667
2024,3394,16.0,1.0,92.72880506696673,85.00286331229188,0.44086699213801733,0.7037037037037037
2024,3395,17.0,0.5,104.72055708649353,92.82718136263448,0.5087893659610313,0.6333333333333333
2024,3396,17.0,0.75,97.19854880063846,87.11164249056733,0.43873559810513446,0.625
2024,3397,6.0,0.5,103.57394293347264,95.42837280165402,0.4838915113630074,0.6129032258064516
2024,3398,17.0,0.5,85.60485568125661,95.42004333366019,0.4119488951131998,0.32142857142857145
2024,3399,17.0,0.5,97.67052232781963,97.87603853115212,0.46863033371569723,0.4827586206896552
2024,3400,1.0,1.0,114.77566125680634,82.20604504362946,0.5284096257506851,0.8823529411764706
2024,3401,11.0,0.3333333333333333,98.02623434998985,83.55932833327829,0.44991030390288933,0.6129032258064516
2024,3402,17.0,0.0,93.04231361895772,94.84599555669497,0.45690621998004055,0.4
2024,3403,17.0,0.5,96.13547836243632,93.89626862833832,0.460463365357202,0.5151515151515151
2024,3404,17.0,0.6666666666666666,97.53493028147875,97.35369799150666,0.5009020573417409,0.4838709677419355
2024,3405,17.0,0.75,104.9077178180481,85.9788058027448,0.4976641218211687,0.8333333333333334
2024,3406,17.0,0.6,93.54322146509692,91.79529449400312,0.4285477761309138,0.6451612903225806
2024,3407,17.0,0.0,101.98329003819353,95.84418599665607,0.4491178056803586,0.6333333333333333
2024,3408,17.0,0.5,96.55468374530896,98.20321231825405,0.485828932194198,0.375
2024,3409,17.0,0.5,97.46104960107033,92.73141387291726,0.49218044625284146,0.71875
2024,3410,17.0,0.0,84.95775148802066,101.31784133564778,0.39686264642701685,0.20689655172413793
2024,3411,17.0,1.0,79.24265257919157,99.54725394887116,0.3941396989467482,0.21428571428571427
2024,3412,17.0,0.0,101.88344101213248,98.88049526915168,0.49760319714602574,0.5666666666666667
2024,3413,17.0,0.8333333333333334,91.49555696852178,92.01271099564237,0.4834409411839634,0.5625
2024,3414,13.0,1.0,95.60481407539288,83.11064190450402,0.44062314434104255,0.7419354838709677
2024,3415,17.0,0.6666666666666666,85.48039194089935,87.52664425653256,0.4033866822945976,0.5517241379310345
2024,3416,17.0,0.0,91.10688555379217,92.96177846797723,0.4430382976521296,0.39285714285714285
2024,3417,2.0,0.5,108.85449421467175,85.01048426968806,0.5074351061342797,0.8064516129032258
2024,3418,17.0,0.6666666666666666,88.20672178524336,90.97741149261059,0.4406933574364585,0.5172413793103449
2024,3419,17.0,0.5,98.98499419615034,94.96199807690203,0.4604282341102549,0.5666666666666667
2024,3420,17.0,0.0,85.4610636472349,95.45544054025186,0.42784144861576895,0.2962962962962963
2024,3421,17.0,0.5,84.79444001091893,91.0456871798373,0.3972248550637022,0.3103448275862069
2024,3422,17.0,0.6666666666666666,95.66492585587127,92.29667202956792,0.4381541024684298,0.6071428571428571
2024,3423,17.0,0.0,75.26959331190822,103.54939620121883,0.3628324235646932,0.13793103448275862
2024,3424,10.0,1.0,115.62500342740623,84.59515519188794,0.5222841394614807,0.9375
2024,3425,1.0,1.0,107.40038773978951,89.11065575688846,0.49106654161835367,0.8387096774193549
2024,3426,17.0,0.5,96.88168250335373,98.73590345757076,0.4684838950163189,0.5151515151515151
2024,3427,17.0,0.6666666666666666,91.49203569931615,89.66065962146517,0.4338695527815789,0.5483870967741935
2024,3428,5.0,0.5,110.98345875821171,91.17309251044668,0.5484297017733567,0.6666666666666666
2024,3429,17.0,0.0,81.37219427800757,109.74566665041405,0.41217588096069485,0.14285714285714285
2024,3430,17.0,0.5,84.40373931460181,94.62028288867124,0.42390174750994436,0.32142857142857145
2024,3431,17.0,0.3333333333333333,95.28457685933861,103.69222918435823,0.47406661964256885,0.3448275862068966
2024,3433,17.0,0.0,98.61209841589334,82.8578711194211,0.4654725913563667,0.8333333333333334
2024,3434,17.0,0.0,89.14023087365122,104.33500857924129,0.4662514447588816,0.16666666666666666
2024,3435,17.0,0.5,99.31424959474542,89.3272153023153,0.4622618997767959,0.7096774193548387
2024,3436,17.0,0.6666666666666666,98.22163844954305,87.19868332760439,0.487667059991581,0.65625
2024,3437,17.0,0.5,99.30339162153119,91.76795649521439,0.4505517527763991,0.6
2024,3438,17.0,0.5,99.65215320066346,94.64085914849696,0.45626546897838755,0.5
2024,3439,4.0,0.3333333333333333,111.77048729492968,91.92316998794183,0.5245281465953825,0.7741935483870968
2024,3441,17.0,0.0,83.36710158394916,106.93342704901625,0.4324009100940944,0.1111111111111111
2024,3442,17.0,0.0,97.34642322445538,94.82254961611207,0.4660701274978558,0.5384615384615384
2024,3443,17.0,0.0,91.6110240099783,93.15885277011598,0.4449479483450251,0.45161290322580644
2024,3444,17.0,0.0,92.60113604224227,98.56183573687036,0.4807448242877139,0.3793103448275862
2024,3447,17.0,1.0,78.56464073253727,98.05657758521623,0.4052151209877537,0.2222222222222222
2024,3448,17.0,0.3333333333333333,89.34893345967404,101.3371965662785,0.44119000783847756,0.21875
2024,3449,17.0,0.0,99.63583982541238,91.40591935944617,0.4794713744767252,0.5333333333333333
2024,3450,17.0,0.0,103.29205331511744,92.96697600871542,0.4974307055817073,0.5625
2024,3451,17.0,0.3333333333333333,85.58736203357685,100.92825222222632,0.4229816519790562,0.21875
2024,3452,8.0,0.5,103.40611833839263,80.52527114749832,0.5079021645549167,0.7741935483870968
2024,3453,11.0,1.0,114.248993561961,88.48238721138272,0.5361043284415352,0.8125
2024,3454,17.0,0.0,97.64216142801946,96.43464554932828,0.4901145432753554,0.4666666666666667
2024,3455,17.0,0.6666666666666666,88.48819697693087,96.58357220180727,0.42287558280189097,0.3125
2024,3456,17.0,0.0,88.6395087105161,87.83319316809012,0.4356482122018963,0.5172413793103449
2024,3457,17.0,0.0,82.168080861279,91.91873660843208,0.4083075327248868,0.4074074074074074
2024,3458,17.0,0.0,89.03873993561058,98.7747661958501,0.4530985006076983,0.4482758620689655
2024,3459,17.0,0.5,97.62017626029144,95.17670082824051,0.44851191189140616,0.5
2024,3460,17.0,0.5,97.8298845871557,101.93299773034371,0.4778604807550365,0.5161290322580645
2024,3461,17.0,0.0,99.1942778095148,96.23540612759213,0.5074423415020552,0.5172413793103449
2024,3462,17.0,0.0,76.39817576648609,109.81592779332955,0.42032842704963397,0.03571428571428571
2024,3463,17.0,0.0,90.46878689646952,102.18364565616227,0.42184230832428116,0.2962962962962963
2024,3464,17.0,0.5,90.1506437025251,95.23742202720364,0.4542331896203509,0.41935483870967744
2024,3465,15.0,1.0,103.33836998114442,90.0366699416795,0.4975914091226763,0.9032258064516129
2024,3466,17.0,0.0,91.89244226646069,102.74266892722942,0.48037308206745094,0.35714285714285715
2024,3467,17.0,0.3333333333333333,87.30359803255696,92.41974866718063,0.41616223968600957,0.3870967741935484
2024,3468,17.0,0.0,89.01916968557214,103.89453259297632,0.4213445239090536,0.2962962962962963
2024,3469,17.0,0.6666666666666666,101.02591634318148,99.99723297342004,0.5105085155024106,0.5333333333333333
2024,3470,17.0,0.5,89.11669004687944,98.22730390425413,0.42736853618420007,0.3333333333333333
2024,3471,17.0,0.0,84.64772618982218,90.01653946808227,0.41161691647207577,0.3448275862068966
2024,3472,17.0,0.0,93.81389469452249,102.1846850559027,0.4766474085340737,0.4482758620689655
2024,3473,17.0,0.0,92.64941124200374,106.12451005978613,0.4461909289938721,0.2222222222222222
2024,3474,17.0,0.0,80.54106582099303,100.84684685748653,0.38550567788413403,0.15384615384615385
2024,3475,17.0,1.0,102.33806627859825,90.81591839066003,0.5117384094907854,0.7857142857142857
2024,3476,17.0,0.0,77.45474506184334,101.7258638759255,0.39192249819791186,0.13333333333333333
2024,3477,17.0,0.75,90.67348353490488,99.39484191475141,0.4307202942220502,0.4482758620689655
2024,3478,17.0,0.6666666666666666,89.28380610828532,93.49841681030301,0.41029057183741613,0.5625
