Season,TeamID,Seed,OffEff,DefEff,EFT,WinRatio,GapAvg,AvgRank
2022,1101,17.0,104.72984308004375,98.3727532048367,0.47818738476040334,0.6551724137931034,4.758620689655173,126.0
2022,1102,17.0,98.10488785630058,110.10513428789476,0.5102352658057838,0.3793103448275862,-7.0,254.8
2022,1103,13.0,111.21384108624014,102.93073246425597,0.5311906034854985,0.7096774193548387,5.129032258064516,116.8
2022,1104,6.0,111.29606447604756,106.25684745546789,0.5158197396790878,0.59375,3.5625,26.6
2022,1105,17.0,90.7403167704053,98.3831729038168,0.41588675123175584,0.4,-5.566666666666666,320.6
2022,1106,17.0,98.48355019249558,107.82935259199432,0.48177355255129384,0.3,-6.6,324.8
2022,1107,17.0,95.5569596221993,101.35254012458253,0.467084605539302,0.41935483870967744,-4.032258064516129,287.2
2022,1108,17.0,98.56599403541333,105.1493960726076,0.46303492170888483,0.5151515151515151,-4.393939393939394,268.6
2022,1110,17.0,99.85911813453937,111.39602547571084,0.495644223329774,0.3125,-7.46875,324.4
2022,1111,17.0,102.36422239014965,101.94612420232255,0.48182874884459276,0.5333333333333333,0.2,163.4
2022,1112,1.0,119.02188746185689,95.19489303652212,0.5608501041995607,0.9117647058823529,17.029411764705884,1.8
2022,1113,17.0,96.48816421256426,99.25511779791312,0.47214314545149655,0.45161290322580644,-1.8387096774193548,94.8
2022,1114,17.0,98.60630763717265,116.4079650293854,0.4793899843024464,0.24,-11.32,305.2
2022,1115,17.0,96.45021757457637,117.83432675526224,0.46456846558454523,0.1724137931034483,-14.379310344827585,352.4
2022,1116,4.0,108.44350947212449,96.46405244452396,0.4918078852192221,0.7575757575757576,8.393939393939394,16.6
2022,1117,17.0,102.97664608248941,102.2915790831689,0.4966402206712682,0.5769230769230769,0.23076923076923078,184.8
2022,1119,17.0,101.42200503563528,105.3063885802623,0.4885501650130373,0.4482758620689655,-3.0,284.0
2022,1120,2.0,109.9741899494512,93.51485944651861,0.5072411350906914,0.84375,11.6875,8.8
2022,1122,17.0,96.90100681450298,107.47197065349516,0.46821046140294387,0.37037037037037035,-6.62962962962963,283.0
2022,1123,17.0,105.80917904908506,110.21133542975117,0.5178286221964772,0.43333333333333335,-3.433333333333333,256.0
2022,1124,1.0,113.50985705284687,94.76604839168593,0.5297695392366303,0.8125,12.875,5.2
2022,1125,17.0,113.0267527816102,99.13233715686171,0.5565851586980975,0.7741935483870968,9.709677419354838,79.2
2022,1126,17.0,95.04885713540902,107.55327294336085,0.459296794409439,0.27586206896551724,-8.0,337.8
2022,1127,17.0,99.39435436176639,106.1771180733702,0.4917639155057845,0.37037037037037035,-4.222222222222222,288.8
2022,1129,8.0,107.60204561978944,96.46583223638761,0.5144285678855403,0.7878787878787878,7.242424242424242,32.2
2022,1130,17.0,102.99675021565963,104.38937708371894,0.4834777480139419,0.3939393939393939,-1.1818181818181819,133.6
2022,1131,17.0,110.73842579997894,105.29410435728772,0.5256477129113153,0.625,3.25,201.2
2022,1132,17.0,107.230548829583,113.36065582794802,0.48999503142603923,0.3793103448275862,-4.379310344827586,266.6
2022,1133,17.0,106.31127035097089,98.71890845620759,0.5154260980512209,0.5333333333333333,4.6,110.0
2022,1135,17.0,102.48410449511461,104.53404394548127,0.4965005438998977,0.4074074074074074,-1.4074074074074074,213.8
2022,1136,16.0,107.56936926715838,102.73377757568745,0.498844342725051,0.7,3.0666666666666655,168.2
2022,1137,17.0,104.30861060503021,116.66122652622298,0.529197890232115,0.28125,-8.25,332.6
2022,1138,17.0,111.63061696351714,104.55951691695986,0.5160898367233664,0.6071428571428571,5.107142857142857,123.8
2022,1139,17.0,98.67697502615171,106.26126885501432,0.47250168943915033,0.3870967741935484,-4.709677419354839,116.0
2022,1140,17.0,108.27544798428367,100.4359352021536,0.5156931538927214,0.6666666666666666,4.6,62.2
2022,1141,17.0,97.97722951601139,114.10639911961688,0.4793907579370958,0.23333333333333334,-11.033333333333331,311.8
2022,1142,17.0,94.44813494401566,106.03737944647139,0.4644938965538639,0.2222222222222222,-7.296296296296297,309.8
2022,1143,17.0,99.35685055042495,103.81607963170799,0.4715868584062186,0.375,-3.0,146.6
2022,1144,17.0,104.48168303843386,102.79899518903137,0.5156571820922087,0.5,0.9230769230769231,221.2
2022,1145,17.0,98.09491597859608,105.75508820901507,0.45550688627998664,0.3225806451612903,-5.225806451612903,266.2
2022,1146,17.0,99.75147096967517,116.85392622261344,0.4815884034798067,0.3103448275862069,-12.137931034482758,310.2
2022,1148,17.0,94.94801005463414,110.63125346330168,0.4607739253746237,0.25,-10.34375,345.6
2022,1149,17.0,94.01987611231539,113.0502642067303,0.4637495542833269,0.10714285714285714,-13.357142857142858,350.0
2022,1150,17.0,108.51899469797745,110.82673180453173,0.5283590548204105,0.5483870967741935,-1.1935483870967742,190.8
2022,1151,13.0,113.87009916874489,102.2114557562381,0.5285598082180639,0.78125,7.3125,69.8
2022,1152,17.0,95.39239990511749,113.56306743273849,0.4609837296207844,0.21875,-12.281250000000002,340.0
2022,1153,17.0,103.66407197504951,99.15599243145616,0.4694430815791687,0.53125,3.15625,101.8
2022,1154,17.0,106.0298884812759,113.08912721650985,0.5177500935972248,0.35714285714285715,-4.821428571428571,233.8
2022,1155,17.0,110.42269698040141,105.43375226282726,0.5266762330858074,0.5151515151515151,3.272727272727273,80.2
2022,1156,17.0,110.8969824187401,104.5634897864093,0.5365683872747747,0.6428571428571429,4.142857142857143,190.6
2022,1157,17.0,104.78035069652996,101.63416005148756,0.49917874561143927,0.48,2.36,178.0
2022,1158,17.0,106.84278227037149,104.33579030164606,0.5083719746954403,0.53125,1.75,156.4
2022,1159,14.0,114.69621174553791,102.55305019324169,0.5605122528360235,0.6666666666666666,7.787878787878788,122.2
2022,1160,17.0,105.96012979548189,100.03591116988204,0.505099465113791,0.65625,4.03125,59.8
2022,1161,6.0,114.88566992060942,103.67448779329916,0.5478035140001716,0.8275862068965517,7.379310344827586,31.6
2022,1162,17.0,96.35060728591797,114.91438597171215,0.48827071111578874,0.12,-12.88,349.0
2022,1163,5.0,112.1056609919286,97.71302834716926,0.49668264148407404,0.71875,10.03125,18.4
2022,1164,17.0,93.56270981450508,104.55607620744998,0.4614340748410794,0.28125,-7.75,308.2
2022,1165,17.0,108.10225449325283,107.9560260272171,0.53730607984988,0.5416666666666666,0.04166666666666726,188.0
2022,1166,9.0,103.26649016861597,99.1058920851708,0.5071628747254971,0.6666666666666666,3.090909090909091,47.4
2022,1167,17.0,98.49114445514577,106.58908277743102,0.4423473294298725,0.24,-5.56,277.4
2022,1168,15.0,106.90034140638996,102.24803274623561,0.4944724180734352,0.6551724137931034,2.896551724137931,152.0
2022,1169,17.0,95.21935284434024,112.17671395077836,0.44466802206207756,0.21428571428571427,-10.607142857142858,329.4
2022,1170,17.0,100.53745515886567,110.86317282764483,0.48865231460714514,0.3333333333333333,-6.703703703703703,310.4
2022,1171,17.0,101.84343166800149,104.44041605775887,0.48180851381564055,0.3333333333333333,-1.5,212.4
2022,1172,10.0,117.11381836141402,103.41780680218345,0.556923878668328,0.8125,8.8125,42.8
2022,1173,17.0,110.51796669176696,97.6868207861029,0.5391619206789147,0.696969696969697,7.96969696969697,63.0
2022,1174,15.0,110.90265063108174,106.41112978951352,0.5389538655273907,0.6363636363636364,2.8181818181818183,141.2
2022,1175,17.0,0.0,0.0,0.0,0.0,-15.24,355.8
2022,1176,17.0,106.06285527553513,112.21328333394767,0.5308947714695083,0.3333333333333333,-4.166666666666667,301.0
2022,1177,17.0,105.70122840017211,105.2428481585886,0.48364473255182816,0.4838709677419355,1.096774193548387,96.2
2022,1178,17.0,110.59330267074404,111.80729416914285,0.5285950544195522,0.4642857142857143,-0.7857142857142857,225.0
2022,1179,17.0,112.06290121791838,102.71802936757545,0.5078470418826297,0.6875,6.03125,85.0
2022,1180,17.0,108.7093845472539,106.1030565700624,0.5211702245683785,0.5,1.6071428571428572,172.6
2022,1181,2.0,120.17641621424104,100.74307408466352,0.5569789383886384,0.8235294117647058,13.029411764705882,12.0
2022,1182,17.0,98.3708759500214,111.23804275227766,0.45521764668709547,0.2,-8.2,277.2
2022,1183,17.0,85.23687711134164,111.42127128304152,0.44318810757057436,0.10344827586206896,-17.103448275862068,355.2
2022,1184,17.0,105.81502356657057,107.7724137984399,0.4869343218659998,0.3333333333333333,-1.3703703703703705,266.8
2022,1185,17.0,97.62928180601926,109.30135229098556,0.4827175035650974,0.3,-7.833333333333333,304.6
2022,1186,17.0,109.22466226797714,108.69371671205379,0.529279503094007,0.5161290322580645,0.22580645161290322,222.0
2022,1187,17.0,100.96116649249306,104.28519509072306,0.4735110091257422,0.5,-2.1666666666666665,174.2
2022,1188,17.0,98.05607208677375,106.00794980864335,0.46570597334189223,0.3,-5.666666666666667,302.8
2022,1189,17.0,99.74172060358339,111.09982195647198,0.4924913609385859,0.26666666666666666,-7.533333333333333,257.2
2022,1190,17.0,109.6068188282321,113.32791182723173,0.5205596333976711,0.43333333333333335,-2.4,191.6
2022,1191,17.0,94.12146155254662,114.92122029681904,0.4673593755174837,0.1724137931034483,-12.344827586206897,315.8
2022,1192,17.0,97.33165787687939,114.48356335086594,0.4639454277250419,0.15384615384615385,-11.923076923076923,349.4
2022,1193,17.0,105.3173655012663,104.60966895001138,0.4946176207117032,0.4375,0.21875,217.6
2022,1194,17.0,110.79257220193924,103.43296262499194,0.5341811693080347,0.5333333333333333,4.7,147.0
2022,1195,17.0,109.84820550724938,107.32762836761997,0.5291048244268153,0.6333333333333333,1.9666666666666672,187.0
2022,1196,17.0,107.8512626744345,101.13395983261881,0.500958068209476,0.59375,4.6875,50.4
2022,1197,17.0,97.40165910369554,105.31502458980502,0.46854526123622503,0.39285714285714285,-5.285714285714286,310.6
2022,1198,17.0,101.43474340850072,106.28839945912581,0.5026897001041795,0.43333333333333335,-3.2,267.0
2022,1199,17.0,105.34624656103863,106.75547832086554,0.492619771569396,0.5483870967741935,-0.9354838709677419,95.6
2022,1200,17.0,98.0365983352109,98.82708289322599,0.4570658380873236,0.5,-0.6875,184.4
2022,1201,17.0,105.91501020283734,96.27501634954459,0.5014649581650681,0.5806451612903226,5.709677419354839,86.8
2022,1202,17.0,117.28018784536685,105.69774717319457,0.5588478970989723,0.6363636363636364,7.636363636363637,85.8
2022,1203,17.0,99.90315437379604,106.59823267734734,0.48918789048768063,0.4,-4.466666666666667,227.0
2022,1204,17.0,97.99175401448208,104.0434176974575,0.4793159738963665,0.38461538461538464,-4.0,246.2
2022,1205,17.0,102.21633536045681,98.58707731365523,0.5020428819583411,0.5357142857142857,2.0714285714285716,188.2
2022,1206,17.0,107.37726078122749,104.01488402900283,0.527900502715665,0.4666666666666667,2.2,130.2
2022,1207,17.0,102.0265221077557,111.28691272716584,0.46400435808140955,0.1935483870967742,-6.32258064516129,185.4
2022,1208,17.0,102.50906779883175,115.27752941875065,0.5033810744276868,0.1875,-8.6875,218.4
2022,1209,16.0,101.90712079732057,100.03474374636735,0.4515518919456434,0.6,1.08,140.8
2022,1210,17.0,100.71891768146985,106.62692250753788,0.49820896422441224,0.3548387096774194,-3.838709677419355,164.2
2022,1211,1.0,122.54131097478016,91.37515509200689,0.5943625932300332,0.896551724137931,22.482758620689655,1.4
2022,1212,17.0,94.94249739504852,105.51432204287397,0.44856255608588097,0.3333333333333333,-7.266666666666667,315.4
2022,1213,17.0,107.66100314772265,94.84987207325744,0.5027156654126812,0.7241379310344828,8.379310344827585,97.8
2022,1214,17.0,93.33192924756759,104.69509933792355,0.4446154369408972,0.2692307692307692,-7.576923076923078,322.2
2022,1216,17.0,107.0392942315453,110.43513015335822,0.5352259135468738,0.375,-2.34375,281.6
2022,1217,17.0,101.95357694431463,102.57453301277027,0.4947667073943926,0.43478260869565216,-0.4782608695652174,225.2
2022,1218,17.0,105.8705965044243,101.81109220120837,0.5054856878415511,0.5769230769230769,2.538461538461539,171.4
2022,1219,17.0,101.57950301485734,106.2863725674741,0.49176121374680326,0.3793103448275862,-3.1379310344827585,256.8
2022,1220,17.0,112.29283730281153,108.5894905231143,0.5362243871216917,0.6333333333333333,2.4,129.2
2022,1221,17.0,96.27901280340458,110.07312942896483,0.4532941660301622,0.2413793103448276,-8.96551724137931,342.2
2022,1222,5.0,118.22795730747008,91.76692096832353,0.535957389069744,0.8529411764705882,16.941176470588236,6.4
2022,1223,17.0,100.83815886000488,112.78708489674518,0.48671289639381554,0.28,-7.76,329.8
2022,1224,17.0,104.05967210681212,101.61362900468916,0.5052795668653736,0.5,1.7692307692307692,249.2
2022,1225,17.0,103.36107329263133,115.19873089732344,0.5026705260686765,0.2413793103448276,-8.413793103448276,327.6
2022,1226,17.0,97.0452095734597,112.11633882663212,0.47204562859065063,0.17857142857142858,-9.678571428571429,335.2
2022,1227,17.0,104.92181163147899,108.67089660116334,0.5126236296632622,0.4482758620689655,-2.413793103448276,273.8
2022,1228,4.0,114.22423440059984,101.82844363997529,0.53310674741065,0.7096774193548387,8.129032258064516,17.2
2022,1229,17.0,106.53453831793047,108.69235113801398,0.5196874622572997,0.3548387096774194,-1.5161290322580645,214.0
2022,1230,17.0,99.97583662159583,119.57957855149984,0.4864144402750302,0.1724137931034483,-12.689655172413794,351.2
2022,1231,12.0,106.52610749046717,98.16880518782887,0.5153134390345829,0.6060606060606061,5.545454545454546,36.6
2022,1232,17.0,99.4129995412238,107.19555265589052,0.5057545710508846,0.2857142857142857,-5.428571428571429,243.2
2022,1233,17.0,109.36590411766169,99.22504813996744,0.5104061550991765,0.78125,6.96875,88.8
2022,1234,5.0,121.11927886876386,103.49312955507384,0.5353846883349547,0.7428571428571429,12.485714285714286,12.4
2022,1235,11.0,100.99547525815619,95.52944250662597,0.4997242358928814,0.625,3.46875,50.2
2022,1236,17.0,105.66390157979983,102.61101964876413,0.5340847089952134,0.6333333333333333,1.8666666666666667,211.2
2022,1237,17.0,83.91931451610775,111.90078137575291,0.426245463882062,0.037037037037037035,-17.11111111111111,357.6
2022,1238,17.0,95.39374777259675,101.86321438045145,0.455284399755982,0.36666666666666664,-4.5,295.4
2022,1239,17.0,105.25217080024919,100.31120257692938,0.48760488318688683,0.6296296296296297,3.1481481481481484,167.6
2022,1240,15.0,110.32803698036113,103.18571222835074,0.5455506112073972,0.6551724137931034,4.379310344827586,142.2
2022,1241,17.0,105.90026876934877,110.46297840001968,0.5122791795833886,0.48148148148148145,-3.037037037037037,214.0
2022,1242,1.0,115.23417608116378,100.450505638272,0.5418274714846988,0.8235294117647058,10.441176470588236,3.6
2022,1243,17.0,104.31738151996244,101.93504129742456,0.4962128276503172,0.45161290322580644,1.5483870967741935,74.2
2022,1244,17.0,108.0483813152229,110.94155717832139,0.5250541654562054,0.3333333333333333,-1.8888888888888888,241.4
2022,1245,17.0,106.87155911183844,102.19912922993444,0.498634315968067,0.6774193548387096,3.161290322580644,128.0
2022,1246,2.0,117.60217042847677,98.15228172667872,0.5340649608678711,0.7878787878787878,13.454545454545455,5.4
2022,1247,17.0,100.3676842898483,106.17971159544942,0.4779305662592269,0.36666666666666664,-4.033333333333333,221.0
2022,1248,17.0,104.60747098110122,113.37419727128864,0.5073633657412786,0.3103448275862069,-5.931034482758621,321.0
2022,1249,17.0,0.0,0.0,0.0,0.0,-13.25925925925926,350.6
2022,1250,17.0,102.44059695758477,107.78904555404914,0.5193450955279586,0.3870967741935484,-3.2580645161290325,298.8
2022,1251,17.0,111.40802992562377,101.88094701054725,0.5607003755837471,0.6333333333333333,5.866666666666666,139.4
2022,1252,17.0,104.95121593698696,112.22655436494175,0.5273726615677408,0.36666666666666664,-5.133333333333334,264.4
2022,1253,17.0,104.25509916419215,104.73679100765814,0.49078951144517785,0.6,-0.3333333333333333,150.0
2022,1254,17.0,103.6411150502477,104.60535663010292,0.48268299837232237,0.5172413793103449,-0.5862068965517241,235.6
2022,1255,14.0,112.33759935480502,100.9252910955131,0.5214914563412244,0.7857142857142857,7.178571428571429,132.2
2022,1256,17.0,108.84709509318016,101.3046861105408,0.5173347944880214,0.6774193548387096,5.129032258064516,98.2
2022,1257,17.0,101.89787184618592,106.53527886782808,0.4904977826738857,0.40625,-2.78125,129.4
2022,1258,17.0,105.5461161809909,113.64457238782076,0.5183954012230753,0.35714285714285715,-5.178571428571429,207.0
2022,1259,17.0,103.08566792902877,103.80358468515138,0.5067394595761757,0.4482758620689655,-0.4482758620689655,273.0
2022,1260,10.0,113.80656608193986,96.04172254348154,0.5632944508965787,0.7741935483870968,11.225806451612904,33.2
2022,1261,6.0,105.564743137611,92.12230558303644,0.4963754660844194,0.6666666666666666,9.575757575757576,20.4
2022,1262,17.0,101.2323261920344,101.48494930094726,0.48179883353429415,0.42857142857142855,-0.42857142857142855,248.8
2022,1263,17.0,94.85039378241441,114.76943480873643,0.4693165178601566,0.11538461538461539,-13.038461538461538,348.2
2022,1264,17.0,102.80404219517834,108.66420139699615,0.4856297306191148,0.4827586206896552,-3.793103448275862,251.6
2022,1265,17.0,104.64144213821837,103.73938672755091,0.5070627741705848,0.4666666666666667,0.6,222.8
2022,1266,9.0,106.26659749440962,101.14486852318063,0.5261496402866206,0.6129032258064516,3.5161290322580645,47.2
2022,1267,17.0,102.47564180168528,109.23666499575278,0.4961656710977745,0.3225806451612903,-4.709677419354838,236.6
2022,1268,17.0,107.39747099178174,107.19505093211032,0.49429592988857285,0.46875,0.21875,76.8
2022,1269,17.0,110.87358403839691,114.7878113545977,0.5135746799637222,0.46875,-2.3749999999999996,172.2
2022,1270,17.0,100.41789532653209,109.5253909675007,0.4869437444528797,0.2413793103448276,-6.724137931034483,311.4
2022,1271,17.0,93.25461209403974,100.98401545470915,0.461919352617866,0.34782608695652173,-5.173913043478261,309.0
2022,1272,9.0,108.62309218869817,98.88066847558623,0.525687809327684,0.6774193548387096,7.032258064516129,29.8
2022,1273,17.0,108.92009879958005,112.46079388362247,0.5303075518521582,0.45161290322580644,-2.2580645161290316,190.8
2022,1274,10.0,113.49652232407158,108.09592527782095,0.542989453054384,0.696969696969697,3.787878787878789,55.8
2022,1275,17.0,108.54382698886278,112.06975433786864,0.5026205239369407,0.3793103448275862,-2.206896551724138,246.0
2022,1276,11.0,111.44514894670095,106.89617183152757,0.5260821999584919,0.5483870967741935,3.161290322580645,34.8
2022,1277,7.0,108.35977069458471,103.2654544141634,0.5209086351060369,0.6470588235294118,3.6470588235294117,31.2
2022,1278,17.0,104.13140432566576,107.77868618071248,0.51048887133387,0.43333333333333335,-2.2,109.6
2022,1279,17.0,104.02357822045744,105.25986427657097,0.4970059362229586,0.40625,-0.53125,109.8
2022,1280,17.0,108.05817066336274,100.87268455966944,0.4985289039789916,0.5454545454545454,4.454545454545454,51.2
2022,1281,17.0,99.51197856764561,108.3224832526566,0.4718196854665441,0.34375,-6.15625,129.0
2022,1282,17.0,107.09113413423866,107.26801278312276,0.522961013328319,0.5555555555555556,-0.25925925925925924,200.0
2022,1283,17.0,116.5377171441844,104.36439521719467,0.5506382937535005,0.6875,8.0,79.6
2022,1284,17.0,104.7445553761581,102.96782170659708,0.4756685550950088,0.6176470588235294,1.294117647058824,156.8
2022,1285,17.0,105.63028163322119,106.19654766766008,0.5021491882754148,0.5172413793103449,-0.27586206896551724,239.2
2022,1286,14.0,111.7959983934795,101.60291780341142,0.5439062287458178,0.78125,6.531249999999999,116.0
2022,1287,17.0,107.00513357019514,99.93401021108747,0.5276681301923619,0.6451612903225806,4.225806451612903,122.0
2022,1288,17.0,95.48700273816837,101.42083562153766,0.4659695956075084,0.391304347826087,-4.521739130434782,291.4
2022,1290,17.0,93.4684188697996,115.21987674357392,0.44745276881939205,0.07142857142857142,-15.75,356.4
2022,1291,17.0,100.53259196594885,101.47191946350739,0.48732031965171163,0.4482758620689655,-1.0,250.0
2022,1292,17.0,107.99328337014555,100.1025429768883,0.512269100739743,0.6774193548387096,4.903225806451613,106.6
2022,1293,7.0,115.5623579672651,93.94517392784506,0.5303771161032355,0.9310344827586207,14.0,37.4
2022,1294,17.0,112.42604716841632,113.02917424222343,0.5616888234982924,0.5625,-0.625,211.4
2022,1295,17.0,109.53019860865004,104.89830241247118,0.5185657159135005,0.6774193548387096,3.064516129032258,134.0
2022,1296,17.0,95.54009009774344,106.45188379168604,0.4727003923650022,0.3,-7.433333333333334,291.6
2022,1297,17.0,108.02491360349137,103.08868226978439,0.4995860951532515,0.6,3.0,183.0
2022,1298,17.0,101.03683305222887,95.50845424048806,0.4760761576903851,0.6451612903225806,3.4193548387096775,182.6
2022,1299,17.0,99.71976473716782,107.88420635367372,0.46919351327067005,0.3103448275862069,-5.448275862068965,293.8
2022,1300,17.0,97.22217039894443,102.78378583842257,0.48049569532006065,0.4444444444444444,-3.925925925925926,282.8
2022,1301,17.0,107.81975546193428,111.20591678622239,0.4827865821147733,0.34375,-2.59375,144.0
2022,1303,17.0,101.2121293154088,122.89614780857836,0.49358481174618185,0.13793103448275862,-14.724137931034482,344.6
2022,1304,17.0,103.80865913658448,111.07788555541353,0.5071307847598274,0.3125,-5.25,140.4
2022,1305,17.0,104.56758173809901,108.00002469320005,0.508911401130085,0.4,-2.3666666666666667,122.2
2022,1306,17.0,108.97389173118025,107.81046815944781,0.5099513479938058,0.5,0.8846153846153851,238.6
2022,1307,17.0,104.95075250849601,109.55522883554683,0.49518756534729697,0.36666666666666664,-3.066666666666667,174.6
2022,1308,12.0,109.2551565545594,100.02983045430736,0.5228096460294396,0.7931034482758621,6.206896551724138,76.4
2022,1309,17.0,103.33737747399255,103.49657114148906,0.5011241388371909,0.5357142857142857,0.0,254.2
2022,1310,17.0,103.23633751195995,103.58748412892606,0.4945680918885604,0.4482758620689655,-0.10344827586206896,206.8
2022,1311,17.0,108.44196161284584,104.61267052991442,0.5255783105492325,0.6071428571428571,2.7142857142857144,197.2
2022,1312,17.0,95.82060041444903,108.98814195879504,0.4666156654358065,0.35714285714285715,-8.464285714285714,328.4
2022,1313,16.0,106.65704892033857,96.2299455535589,0.5175205572605007,0.7777777777777778,6.925925925925926,157.2
2022,1314,8.0,112.65623894338518,103.8379071549743,0.5221485379595422,0.7272727272727273,5.787878787878788,28.2
2022,1315,17.0,101.77721215301037,118.56832612368008,0.4747628280368829,0.13793103448275862,-11.310344827586206,346.4
2022,1316,17.0,97.41395013131788,110.12608137227696,0.48265173322448013,0.2857142857142857,-8.428571428571429,269.6
2022,1317,17.0,109.68284255799699,95.49622134154181,0.5190401573813266,0.7857142857142857,8.178571428571429,63.2
2022,1318,17.0,101.26311778281102,108.62240367022311,0.5041684550635035,0.2903225806451613,-4.806451612903226,260.6
2022,1319,17.0,98.73339191745029,113.02438727456693,0.4796511947088145,0.23333333333333334,-9.4,330.6
2022,1320,17.0,109.768621417727,105.47127840793985,0.5244167980227847,0.6206896551724138,2.7586206896551726,96.0
2022,1321,17.0,105.85533474079422,103.29372295449987,0.49323421897376846,0.4666666666666667,1.8,87.8
2022,1322,17.0,100.30253397713531,115.26734965511366,0.4962984962626301,0.20689655172413793,-10.862068965517242,333.2
2022,1323,11.0,112.49091035531016,104.40294229213862,0.5447397657233986,0.6774193548387096,5.0,50.2
2022,1324,17.0,108.48692588637037,104.5511120749529,0.4932172081715098,0.6,2.533333333333333,187.4
2022,1325,17.0,109.94093576753755,100.75300220710801,0.5089349040816076,0.71875,6.15625,117.2
2022,1326,7.0,116.08104263970796,107.65559021685388,0.549396209125717,0.6333333333333333,5.333333333333333,31.8
2022,1328,17.0,105.68829433086034,100.18109304594986,0.5469594517995812,0.5454545454545454,3.8181818181818183,33.2
2022,1329,17.0,99.67209936334487,95.96644062272364,0.4807536733588458,0.5,2.7,41.6
2022,1330,17.0,101.40124771728921,103.44110873912456,0.47010390373586186,0.3870967741935484,-1.2258064516129032,196.8
2022,1331,17.0,115.4902636240657,110.42166399163833,0.5400618532572906,0.5714285714285714,3.642857142857143,153.2
2022,1332,17.0,107.51625962198591,104.32581078351637,0.5146019490789988,0.5625,2.25,72.8
2022,1333,17.0,101.03964046595009,116.23052321222269,0.49212213675117594,0.0967741935483871,-9.838709677419354,240.8
2022,1334,17.0,96.82833675328347,109.14815320961517,0.4638946874563761,0.21428571428571427,-8.428571428571429,297.2
2022,1335,17.0,106.51778156533912,111.45383265959643,0.5144964512091883,0.42857142857142855,-3.4285714285714284,212.8
2022,1336,17.0,105.48563650604264,105.99092911685318,0.5061515969858742,0.45161290322580644,-0.3870967741935484,82.0
2022,1337,17.0,96.49541251030233,111.46561308277317,0.47765458633115704,0.1935483870967742,-10.451612903225806,285.4
2022,1338,17.0,99.31203723516012,110.10716404326094,0.4704803395493309,0.34375,-6.53125,189.6
2022,1339,17.0,105.66362205385985,106.64629838071299,0.5023480410180127,0.5333333333333333,-0.9666666666666667,185.8
2022,1340,17.0,100.75524627819848,103.5008982017536,0.4716846643733843,0.41379310344827586,-2.0344827586206895,252.6
2022,1341,17.0,98.7155603529516,108.21651567393722,0.4876111233323304,0.2962962962962963,-6.814814814814814,302.0
2022,1342,17.0,98.15892864909523,105.58299712370699,0.45546011364343925,0.3103448275862069,-4.827586206896552,276.4
2022,1343,17.0,116.4351928524666,105.3708644215293,0.570925640147101,0.7777777777777778,7.2592592592592595,103.8
2022,1344,4.0,109.63632852544795,102.34068042447657,0.5063820391502115,0.8333333333333334,4.799999999999999,33.6
2022,1345,3.0,121.19042768412149,104.61746369174534,0.5695645161426102,0.7941176470588235,11.029411764705882,11.6
2022,1346,17.0,105.39730024091459,107.00020886644462,0.5010175952170923,0.43333333333333335,-1.3666666666666667,238.0
2022,1347,17.0,96.4052464191006,105.09360393862288,0.4682376085992193,0.3333333333333333,-5.333333333333333,287.0
2022,1348,17.0,101.37310435046078,99.00743182409951,0.5062992550629385,0.4666666666666667,1.7,149.6
2022,1349,17.0,107.40238546747163,110.8160103268077,0.5278850257391554,0.4666666666666667,-1.5666666666666667,219.4
2022,1350,12.0,109.40449641383665,103.92771425843424,0.5187490027512649,0.6571428571428571,3.4285714285714284,75.4
2022,1351,17.0,100.42258869405894,103.51201314188783,0.46110113116997953,0.40625,-2.3125,233.8
2022,1352,17.0,103.95190758168263,114.28446570279989,0.5111093674339438,0.22580645161290322,-7.032258064516129,327.4
2022,1353,11.0,106.11294282418106,102.74348753550053,0.4992360244171963,0.5806451612903226,2.0967741935483866,66.8
2022,1354,17.0,96.38858802067749,102.44234286476139,0.4373400503696981,0.42857142857142855,-4.642857142857143,304.4
2022,1355,13.0,122.46084121716967,106.43321155343412,0.603485609848279,0.875,10.96875,59.6
2022,1356,17.0,104.25995469517666,100.8579014698591,0.5178268274975172,0.5,2.1,143.8
2022,1357,17.0,105.4490985054554,112.31885026288637,0.5093756620598955,0.3103448275862069,-4.620689655172414,315.4
2022,1358,17.0,101.99934079234617,99.51625749007927,0.4891082573963359,0.5333333333333333,1.2333333333333334,155.4
2022,1359,17.0,107.93034410057528,109.64612932071374,0.5206456932987541,0.6206896551724138,-1.2413793103448276,167.0
2022,1360,17.0,97.43991951010332,104.82129742578249,0.46860065128143225,0.4482758620689655,-4.793103448275862,219.2
2022,1361,8.0,101.63656348856121,90.01798577777633,0.49101283771790744,0.7419354838709677,7.612903225806452,29.2
2022,1362,10.0,110.9173535275729,97.52801170854987,0.5327617583620721,0.71875,9.3125,28.8
2022,1363,17.0,97.76935088391528,114.92220654458546,0.4970405668248804,0.23333333333333334,-10.8,277.6
2022,1364,17.0,110.25371004842121,101.13651382139554,0.5376936455159678,0.5769230769230769,5.769230769230769,149.8
2022,1365,17.0,112.8043546787913,104.24752376535895,0.5537102594027343,0.65625,5.9375,72.4
2022,1367,17.0,103.66351212800916,111.29903868789714,0.5158656101942107,0.42857142857142855,-5.321428571428571,272.4
2022,1368,17.0,107.8176809135259,112.32863902637072,0.523862217414489,0.5172413793103449,-3.310344827586207,255.8
2022,1369,17.0,107.61033210727038,111.42568873296914,0.5180153764534997,0.4,-2.5,249.4
2022,1370,17.0,104.95828986941856,96.35108997037288,0.4840570612697006,0.7,6.066666666666666,138.8
2022,1371,8.0,106.1062384353838,98.62871129538408,0.47612612154730805,0.6666666666666666,5.266666666666667,36.8
2022,1372,17.0,105.1305997565711,98.67224229328957,0.5166636375901411,0.6666666666666666,4.62962962962963,119.0
2022,1373,17.0,100.56476220450149,105.20196958142715,0.49157612664674183,0.5172413793103449,-2.896551724137931,232.6
2022,1374,17.0,110.41108993679288,99.86097368507241,0.5219450726414174,0.7419354838709677,7.193548387096774,46.6
2022,1375,17.0,105.61602235886627,99.36141707206941,0.5182888073976745,0.5769230769230769,4.076923076923077,151.0
2022,1376,17.0,98.63506740212578,100.44211179331151,0.47604832968993904,0.5666666666666667,-1.2333333333333334,89.8
2022,1377,17.0,112.61662650184283,110.87097422166735,0.5208559768313498,0.5862068965517241,1.1724137931034482,189.4
2022,1378,17.0,88.85762921089672,100.66893886510883,0.41326906017894566,0.25806451612903225,-7.451612903225806,238.6
2022,1379,17.0,95.10654533814119,115.04226990837346,0.4707751156455644,0.16129032258064516,-13.193548387096774,337.6
2022,1380,17.0,100.86970648757215,98.54515550935818,0.4957622655357853,0.5172413793103449,1.7241379310344827,238.2
2022,1381,17.0,109.38433952389305,104.43632742485848,0.5232233361775275,0.6206896551724138,3.1724137931034484,173.4
2022,1382,17.0,107.99834076978217,102.0980314554044,0.5001667038069953,0.6896551724137931,3.8275862068965516,70.8
2022,1383,17.0,98.785877777372,106.81757444133333,0.46369884966312713,0.3103448275862069,-5.551724137931035,323.6
2022,1384,17.0,99.92982470735903,110.22734468590944,0.4694742264263889,0.27586206896551724,-6.655172413793103,328.8
2022,1385,17.0,108.47358286254058,101.09607000154898,0.5125576064494165,0.53125,5.4375,56.0
2022,1386,17.0,99.40247556776744,101.69488854470877,0.49797223443529653,0.36666666666666664,-1.4666666666666666,180.4
2022,1387,17.0,109.9007711875056,99.68070453927447,0.5119842114200354,0.6666666666666666,6.9393939393939394,60.0
2022,1388,5.0,109.38804383031679,96.31558367749902,0.5276958191703599,0.7741935483870968,8.35483870967742,21.0
2022,1389,15.0,101.3351743852746,94.72383570237744,0.4795550711920663,0.6206896551724138,3.9310344827586206,124.0
2022,1390,17.0,102.11590642785073,105.93292147329822,0.4990325414013673,0.5,-2.3125,96.8
2022,1391,17.0,100.0608283805241,110.12604274010491,0.4873786221645861,0.2692307692307692,-6.26923076923077,301.0
2022,1392,17.0,108.3376180815344,110.2429356854831,0.5055352220483563,0.5666666666666667,-1.2,229.4
2022,1393,17.0,112.8422541700835,109.71261490538164,0.5273453208473111,0.48484848484848486,2.303030303030303,77.4
2022,1394,16.0,105.0345473910272,101.06680294157104,0.476104363718073,0.6333333333333333,2.7000000000000006,230.4
2022,1395,9.0,104.4219315507817,99.69622010790175,0.4900097438768685,0.625,3.09375,37.4
2022,1396,17.0,100.89801045563445,100.81122199196473,0.4556469450289284,0.5862068965517241,0.3103448275862069,111.4
2022,1397,3.0,109.19302087053843,93.14033904150341,0.5027785520872742,0.7878787878787878,10.424242424242424,6.2
2022,1398,17.0,102.01760711992954,104.70862651256535,0.4910772062971237,0.4,-2.033333333333333,278.2
2022,1399,17.0,102.21338862610631,108.44971131197634,0.49535115377063216,0.3,-4.233333333333334,267.4
2022,1400,6.0,109.25907499445938,94.90783749481974,0.5065632057024203,0.65625,8.71875,19.4
2022,1401,17.0,106.03992761064126,99.22144610161196,0.5007029738537635,0.6470588235294118,4.647058823529412,45.0
2022,1402,17.0,110.68549655992328,105.56507506105117,0.5155059339085664,0.72,3.28,126.4
2022,1403,3.0,108.79961820390096,91.5730558068032,0.5259294079816248,0.7352941176470589,11.382352941176471,10.6
2022,1404,17.0,96.78757839811924,108.44628870275412,0.4641057865058702,0.21428571428571427,-8.107142857142858,316.6
2022,1405,17.0,116.32414747916857,101.25744118800567,0.5347755141400601,0.78125,10.375,76.4
2022,1406,17.0,113.90607599730724,99.6795479948358,0.5218373651511925,0.7575757575757576,9.181818181818182,86.0
2022,1407,17.0,101.02519540645305,100.20823904994253,0.4774529553961314,0.6071428571428571,0.39285714285714285,184.4
2022,1408,17.0,107.88602637093969,105.38780710964976,0.5121003884176157,0.4827586206896552,1.4137931034482758,105.4
2022,1409,17.0,101.71292875069818,105.36118464233277,0.4984618545891791,0.3548387096774194,-2.5161290322580645,175.2
2022,1410,17.0,100.22944023506476,112.76036481537261,0.49770716768624046,0.20689655172413793,-8.89655172413793,309.8
2022,1411,16.0,102.09698702488646,96.99099727388415,0.4867904454745968,0.6,3.7333333333333334,201.0
2022,1412,12.0,114.47060832319028,97.71457087669039,0.528069566147419,0.78125,11.8125,48.0
2022,1413,17.0,102.19133301244175,100.95328235636356,0.4896907099001117,0.5454545454545454,0.5909090909090909,225.2
2022,1414,17.0,101.09303532335272,97.22977508245727,0.4767198925419458,0.5652173913043478,2.5217391304347827,134.8
2022,1415,17.0,101.79074612258539,100.11341858829586,0.5082078860127621,0.5384615384615384,0.9615384615384616,173.4
2022,1416,17.0,105.40275357173833,102.59407060415339,0.5000491771560859,0.6,1.6,103.2
2022,1417,4.0,114.61116592381993,96.8332269217909,0.5089909883751027,0.78125,11.5625,11.2
2022,1418,17.0,102.33619716771794,102.03259804563515,0.48970343481938994,0.4827586206896552,0.20689655172413793,187.8
2022,1419,17.0,101.46531662674246,110.71922463495366,0.5017884479049334,0.35714285714285715,-6.107142857142857,269.0
2022,1420,17.0,109.51640544916403,109.13548324264222,0.5277371125756544,0.5483870967741935,0.45161290322580644,224.8
2022,1421,17.0,105.39467256273518,104.82828364772666,0.5019924107256188,0.48148148148148145,0.48148148148148145,222.4
2022,1422,17.0,103.87731715909692,104.70698882111574,0.49893035142111714,0.5333333333333333,-0.4,176.0
2022,1423,17.0,105.77297937019993,103.89536915974091,0.474619510232727,0.7,1.2,155.4
2022,1424,17.0,106.21544032494558,102.04440636175983,0.49522589231374986,0.5483870967741935,2.6129032258064515,95.2
2022,1425,7.0,108.77184198350814,98.90517202300755,0.5113591803409935,0.7878787878787878,6.666666666666667,38.2
2022,1426,17.0,96.86874868584572,103.70739370830309,0.45586902804594315,0.3333333333333333,-4.555555555555555,233.0
2022,1427,17.0,94.40078524033758,107.4784260096897,0.4375171688969757,0.25,-8.964285714285714,305.6
2022,1428,17.0,104.33684372180731,105.79499426153092,0.48399279442452614,0.3548387096774194,-1.1612903225806452,137.8
2022,1429,17.0,110.35128330548896,100.7473493544276,0.5455710955786934,0.53125,6.40625,69.0
2022,1430,17.0,104.99163502585598,99.18164207394075,0.5102473353821797,0.6,3.966666666666667,133.4
2022,1431,17.0,103.06902331262505,102.40915087850757,0.4929986387285415,0.5666666666666667,0.36666666666666664,154.0
2022,1433,17.0,99.80394962318282,93.27129377593262,0.5096799335897857,0.7,4.8,61.4
2022,1434,17.0,104.69954082171834,108.53472546946728,0.5133477511036565,0.4,-2.433333333333333,201.8
2022,1435,17.0,104.45845085946016,100.26198528162094,0.5024186960726311,0.5151515151515151,2.878787878787879,65.8
2022,1436,13.0,117.8447852526734,95.62675752292745,0.5738549446948472,0.84375,14.062500000000002,60.4
2022,1437,2.0,116.44781052595373,100.71139289234776,0.5246345042583586,0.7878787878787878,9.545454545454545,10.0
2022,1438,17.0,107.07299132807992,102.80236903000869,0.49610870135800994,0.59375,2.375,77.4
2022,1439,11.0,114.48253765025656,100.90775005036728,0.5551792896608995,0.6571428571428571,8.457142857142857,28.8
2022,1440,17.0,113.41389110435274,113.21521618046829,0.5598867686352941,0.4642857142857143,0.10714285714285714,168.0
2022,1441,17.0,102.74060908578979,115.77977442479504,0.4804093311865915,0.3225806451612903,-8.580645161290322,284.4
2022,1442,17.0,108.7503896381377,108.72747468975703,0.5043046467055382,0.4827586206896552,0.034482758620689655,232.4
2022,1443,17.0,108.79564398403302,103.84681038411014,0.5303730483426473,0.5666666666666667,3.0666666666666673,121.2
2022,1444,17.0,99.88146342485415,116.78436196560013,0.4990858613639318,0.21428571428571427,-11.214285714285714,320.6
2022,1447,17.0,108.50435171384447,96.79269594325734,0.50047734180895,0.7692307692307693,7.884615384615385,137.6
2022,1448,17.0,114.25144831444624,101.14422347931097,0.5647055747214087,0.71875,9.25,37.6
2022,1449,17.0,102.08168449610751,104.36471416594094,0.46678399078444743,0.53125,-1.6875,107.0
2022,1450,17.0,109.20775533637413,99.19700856128738,0.48612600669591843,0.5757575757575758,6.545454545454546,66.4
2022,1451,17.0,110.30637921921331,104.92274078846165,0.5369864621244159,0.6129032258064516,3.4838709677419355,171.2
2022,1452,17.0,103.1293567248712,103.83828340128903,0.47304332165234475,0.48484848484848486,-0.5151515151515151,69.8
2022,1453,17.0,96.40255217028472,109.85303627685454,0.46475427985389767,0.13793103448275862,-8.448275862068966,341.6
2022,1454,17.0,98.26434421949543,108.41614905335842,0.4783211515163833,0.2903225806451613,-6.870967741935484,330.8
2022,1455,17.0,103.03872419376573,99.78404912461194,0.4690844597905369,0.5357142857142857,2.107142857142857,98.4
2022,1456,17.0,91.33932650717732,109.47790390532518,0.459415971812088,0.12903225806451613,-12.03225806451613,338.6
2022,1457,17.0,109.8905375477333,106.67247344477738,0.5614376004000194,0.6896551724137931,2.0689655172413794,143.6
2022,1458,3.0,107.81777527020614,101.39609956694395,0.4842368151724205,0.7741935483870968,4.161290322580645,26.8
2022,1459,17.0,112.30643713477636,106.53742277627991,0.5407966050377737,0.5666666666666667,3.566666666666667,119.0
2022,1460,16.0,111.13734100896534,105.43600400220697,0.5229106556636031,0.6060606060606061,3.5454545454545454,174.8
2022,1461,12.0,110.28101674738198,100.5947497767236,0.5267274891089861,0.75,6.1875,62.2
2022,1462,17.0,108.25045628320586,101.70756876742215,0.5074666736941766,0.5806451612903226,4.709677419354839,53.4
2022,1463,14.0,104.20244353024724,100.82343570757301,0.5021018481223487,0.6206896551724138,2.0344827586206895,138.0
2022,1464,17.0,110.4663618758748,108.83387558235879,0.5159999698282581,0.5333333333333333,1.0333333333333334,258.0
2022,1465,17.0,103.14664178291332,103.14432728633034,0.5044506555396625,0.5,0.0,228.8
2022,1466,17.0,94.83204487886975,106.92482730314865,0.4357280463965069,0.19230769230769232,-8.115384615384615,309.4
2022,1467,17.0,98.32787257717196,104.8258328314755,0.4926019343565593,0.4482758620689655,-4.0344827586206895,280.4
2022,1468,17.0,111.66892678247045,115.38063925465758,0.5346402306264475,0.5517241379310345,-2.4827586206896552,182.6
2022,1469,17.0,95.19145087164316,106.01337572635731,0.4661260265418241,0.3333333333333333,-8.0,279.4
2022,1470,17.0,101.6618756386697,105.49433087320367,0.4654003935356686,0.39285714285714285,-2.6785714285714284,229.0
2022,1471,17.0,103.15336992180875,108.47865416655402,0.5223333018178368,0.4074074074074074,-3.2592592592592586,265.0
2022,1472,17.0,111.66832526160248,120.08611239418218,0.5219242023044822,0.25925925925925924,-5.555555555555555,312.6
